date,spx_eps
12/1/1927,1.11
1/1/1928,1.18
2/1/1928,1.18
3/1/1928,1.18
4/1/1928,1.25
5/1/1928,1.25
6/1/1928,1.25
7/1/1928,1.31
8/1/1928,1.31
9/1/1928,1.31
10/1/1928,1.38
11/1/1928,1.38
12/1/1928,1.38
1/1/1929,1.44
2/1/1929,1.44
3/1/1929,1.44
4/1/1929,1.5
5/1/1929,1.5
6/1/1929,1.5
7/1/1929,1.55
8/1/1929,1.55
9/1/1929,1.55
10/1/1929,1.61
11/1/1929,1.61
12/1/1929,1.61
1/1/1930,1.45
2/1/1930,1.45
3/1/1930,1.45
4/1/1930,1.29
5/1/1930,1.29
6/1/1930,1.29
7/1/1930,1.13
8/1/1930,1.13
9/1/1930,1.13
10/1/1930,0.97
11/1/1930,0.97
12/1/1930,0.97
1/1/1931,0.88
2/1/1931,0.88
3/1/1931,0.88
4/1/1931,0.79
5/1/1931,0.79
6/1/1931,0.79
7/1/1931,0.7
8/1/1931,0.7
9/1/1931,0.7
10/1/1931,0.61
11/1/1931,0.61
12/1/1931,0.61
1/1/1932,0.56
2/1/1932,0.56
3/1/1932,0.56
4/1/1932,0.51
5/1/1932,0.51
6/1/1932,0.51
7/1/1932,0.46
8/1/1932,0.46
9/1/1932,0.46
10/1/1932,0.41
11/1/1932,0.41
12/1/1932,0.41
1/1/1933,0.42
2/1/1933,0.42
3/1/1933,0.42
4/1/1933,0.43
5/1/1933,0.43
6/1/1933,0.43
7/1/1933,0.43
8/1/1933,0.43
9/1/1933,0.43
10/1/1933,0.44
11/1/1933,0.44
12/1/1933,0.44
1/1/1934,0.45
2/1/1934,0.45
3/1/1934,0.45
4/1/1934,0.47
5/1/1934,0.47
6/1/1934,0.47
7/1/1934,0.48
8/1/1934,0.48
9/1/1934,0.48
10/1/1934,0.49
11/1/1934,0.49
12/1/1934,0.49
1/1/1935,0.73
2/1/1935,0.73
3/1/1935,0.73
4/1/1935,0.81
5/1/1935,0.81
6/1/1935,0.81
7/1/1935,0.76
8/1/1935,0.76
9/1/1935,0.76
10/1/1935,0.76
11/1/1935,0.76
12/1/1935,0.76
1/1/1936,0.79
2/1/1936,0.79
3/1/1936,0.79
4/1/1936,0.88
5/1/1936,0.88
6/1/1936,0.88
7/1/1936,0.94
8/1/1936,0.94
9/1/1936,0.94
10/1/1936,1.02
11/1/1936,1.02
12/1/1936,1.02
1/1/1937,1.11
2/1/1937,1.11
3/1/1937,1.11
4/1/1937,1.17
5/1/1937,1.17
6/1/1937,1.17
7/1/1937,1.22
8/1/1937,1.22
9/1/1937,1.22
10/1/1937,1.13
11/1/1937,1.13
12/1/1937,1.13
1/1/1938,0.97
2/1/1938,0.97
3/1/1938,0.97
4/1/1938,0.77
5/1/1938,0.77
6/1/1938,0.77
7/1/1938,0.62
8/1/1938,0.62
9/1/1938,0.62
10/1/1938,0.64
11/1/1938,0.64
12/1/1938,0.64
1/1/1939,0.71
2/1/1939,0.71
3/1/1939,0.71
4/1/1939,0.76
5/1/1939,0.76
6/1/1939,0.76
7/1/1939,0.81
8/1/1939,0.81
9/1/1939,0.81
10/1/1939,0.9
11/1/1939,0.9
12/1/1939,0.9
1/1/1940,0.99
2/1/1940,0.99
3/1/1940,0.99
4/1/1940,1.04
5/1/1940,1.04
6/1/1940,1.04
7/1/1940,1.08
8/1/1940,1.08
9/1/1940,1.08
10/1/1940,1.05
11/1/1940,1.05
12/1/1940,1.05
1/1/1941,1.06
2/1/1941,1.06
3/1/1941,1.06
4/1/1941,1.09
5/1/1941,1.09
6/1/1941,1.09
7/1/1941,1.19
8/1/1941,1.19
9/1/1941,1.19
10/1/1941,1.16
11/1/1941,1.16
12/1/1941,1.16
1/1/1942,1.04
2/1/1942,1.04
3/1/1942,1.04
4/1/1942,0.98
5/1/1942,0.98
6/1/1942,0.98
7/1/1942,0.94
8/1/1942,0.94
9/1/1942,0.94
10/1/1942,1.03
11/1/1942,1.03
12/1/1942,1.03
1/1/1943,1.07
2/1/1943,1.07
3/1/1943,1.07
4/1/1943,1.1
5/1/1943,1.1
6/1/1943,1.1
7/1/1943,1.08
8/1/1943,1.08
9/1/1943,1.08
10/1/1943,0.94
11/1/1943,0.94
12/1/1943,0.94
1/1/1944,0.93
2/1/1944,0.93
3/1/1944,0.93
4/1/1944,0.92
5/1/1944,0.92
6/1/1944,0.92
7/1/1944,0.9
8/1/1944,0.9
9/1/1944,0.9
10/1/1944,0.93
11/1/1944,0.93
12/1/1944,0.93
1/1/1945,0.96
2/1/1945,0.96
3/1/1945,0.96
4/1/1945,1
5/1/1945,1
6/1/1945,1
7/1/1945,0.99
8/1/1945,0.99
9/1/1945,0.99
10/1/1945,0.96
11/1/1945,0.96
12/1/1945,0.96
1/1/1946,0.9
2/1/1946,0.9
3/1/1946,0.9
4/1/1946,0.84
5/1/1946,0.84
6/1/1946,0.84
7/1/1946,0.89
8/1/1946,0.89
9/1/1946,0.89
10/1/1946,1.06
11/1/1946,1.06
12/1/1946,1.06
1/1/1947,1.27
2/1/1947,1.27
3/1/1947,1.27
4/1/1947,1.44
5/1/1947,1.44
6/1/1947,1.44
7/1/1947,1.55
8/1/1947,1.55
9/1/1947,1.55
10/1/1947,1.61
11/1/1947,1.61
12/1/1947,1.61
1/1/1948,1.71
2/1/1948,1.71
3/1/1948,1.71
4/1/1948,1.86
5/1/1948,1.86
6/1/1948,1.86
7/1/1948,2.07
8/1/1948,2.07
9/1/1948,2.07
10/1/1948,2.29
11/1/1948,2.29
12/1/1948,2.29
1/1/1949,2.38
2/1/1949,2.38
3/1/1949,2.38
4/1/1949,2.4
5/1/1949,2.4
6/1/1949,2.4
7/1/1949,2.39
8/1/1949,2.39
9/1/1949,2.39
10/1/1949,2.32
11/1/1949,2.32
12/1/1949,2.32
1/1/1950,2.37
2/1/1950,2.37
3/1/1950,2.37
4/1/1950,2.54
5/1/1950,2.54
6/1/1950,2.54
7/1/1950,2.72
8/1/1950,2.72
9/1/1950,2.72
10/1/1950,2.84
11/1/1950,2.84
12/1/1950,2.84
1/1/1951,2.83
2/1/1951,2.83
3/1/1951,2.83
4/1/1951,2.72
5/1/1951,2.72
6/1/1951,2.72
7/1/1951,2.51
8/1/1951,2.51
9/1/1951,2.51
10/1/1951,2.44
11/1/1951,2.44
12/1/1951,2.44
1/1/1952,2.4
2/1/1952,2.4
3/1/1952,2.4
4/1/1952,2.34
5/1/1952,2.34
6/1/1952,2.34
7/1/1952,2.36
8/1/1952,2.36
9/1/1952,2.36
10/1/1952,2.4
11/1/1952,2.4
12/1/1952,2.4
1/1/1953,2.43
2/1/1953,2.43
3/1/1953,2.43
4/1/1953,2.51
5/1/1953,2.51
6/1/1953,2.51
7/1/1953,2.55
8/1/1953,2.55
9/1/1953,2.55
10/1/1953,2.51
11/1/1953,2.51
12/1/1953,2.51
1/1/1954,2.55
2/1/1954,2.55
3/1/1954,2.55
4/1/1954,2.62
5/1/1954,2.62
6/1/1954,2.62
7/1/1954,2.63
8/1/1954,2.63
9/1/1954,2.63
10/1/1954,2.77
11/1/1954,2.77
12/1/1954,2.77
1/1/1955,2.96
2/1/1955,2.96
3/1/1955,2.96
4/1/1955,3.22
5/1/1955,3.22
6/1/1955,3.22
7/1/1955,3.44
8/1/1955,3.44
9/1/1955,3.44
10/1/1955,3.62
11/1/1955,3.62
12/1/1955,3.62
1/1/1956,3.69
2/1/1956,3.69
3/1/1956,3.69
4/1/1956,3.6
5/1/1956,3.6
6/1/1956,3.6
7/1/1956,3.46
8/1/1956,3.46
9/1/1956,3.46
10/1/1956,3.41
11/1/1956,3.41
12/1/1956,3.41
1/1/1957,3.4
2/1/1957,3.4
3/1/1957,3.4
4/1/1957,3.42
5/1/1957,3.42
6/1/1957,3.42
7/1/1957,3.47
8/1/1957,3.47
9/1/1957,3.47
10/1/1957,3.37
11/1/1957,3.37
12/1/1957,3.37
1/1/1958,3.14
2/1/1958,3.14
3/1/1958,3.14
4/1/1958,2.93
5/1/1958,2.93
6/1/1958,2.93
7/1/1958,2.88
8/1/1958,2.88
9/1/1958,2.88
10/1/1958,2.89
11/1/1958,2.89
12/1/1958,2.89
1/1/1959,3.11
2/1/1959,3.11
3/1/1959,3.11
4/1/1959,3.4
5/1/1959,3.4
6/1/1959,3.4
7/1/1959,3.43
8/1/1959,3.43
9/1/1959,3.43
10/1/1959,3.39
11/1/1959,3.39
12/1/1959,3.39
1/1/1960,3.39
2/1/1960,3.39
3/1/1960,3.39
4/1/1960,3.26
5/1/1960,3.26
6/1/1960,3.26
7/1/1960,3.27
8/1/1960,3.27
9/1/1960,3.27
10/1/1960,3.27
11/1/1960,3.27
12/1/1960,3.27
1/1/1961,3.09
2/1/1961,3.09
3/1/1961,3.09
4/1/1961,3.03
5/1/1961,3.03
6/1/1961,3.03
7/1/1961,3.05
8/1/1961,3.05
9/1/1961,3.05
10/1/1961,3.19
11/1/1961,3.19
12/1/1961,3.19
1/1/1962,3.37
2/1/1962,3.37
3/1/1962,3.37
4/1/1962,3.47
5/1/1962,3.47
6/1/1962,3.47
7/1/1962,3.53
8/1/1962,3.53
9/1/1962,3.53
10/1/1962,3.67
11/1/1962,3.67
12/1/1962,3.67
1/1/1963,3.71
2/1/1963,3.71
3/1/1963,3.71
4/1/1963,3.84
5/1/1963,3.84
6/1/1963,3.84
7/1/1963,3.96
8/1/1963,3.96
9/1/1963,3.96
10/1/1963,4.02
11/1/1963,4.02
12/1/1963,4.02
1/1/1964,4.18
2/1/1964,4.18
3/1/1964,4.18
4/1/1964,4.33
5/1/1964,4.33
6/1/1964,4.33
7/1/1964,4.47
8/1/1964,4.47
9/1/1964,4.47
10/1/1964,4.55
11/1/1964,4.55
12/1/1964,4.55
1/1/1965,4.68
2/1/1965,4.68
3/1/1965,4.68
4/1/1965,4.84
5/1/1965,4.84
6/1/1965,4.84
7/1/1965,4.98
8/1/1965,4.98
9/1/1965,4.98
10/1/1965,5.19
11/1/1965,5.19
12/1/1965,5.19
1/1/1966,5.34
2/1/1966,5.34
3/1/1966,5.34
4/1/1966,5.46
5/1/1966,5.46
6/1/1966,5.46
7/1/1966,5.51
8/1/1966,5.51
9/1/1966,5.51
10/1/1966,5.55
11/1/1966,5.55
12/1/1966,5.55
1/1/1967,5.45
2/1/1967,5.45
3/1/1967,5.45
4/1/1967,5.33
5/1/1967,5.33
6/1/1967,5.33
7/1/1967,5.3
8/1/1967,5.3
9/1/1967,5.3
10/1/1967,5.33
11/1/1967,5.33
12/1/1967,5.33
1/1/1968,5.44
2/1/1968,5.44
3/1/1968,5.44
4/1/1968,5.57
5/1/1968,5.57
6/1/1968,5.57
7/1/1968,5.66
8/1/1968,5.66
9/1/1968,5.66
10/1/1968,5.76
11/1/1968,5.76
12/1/1968,5.76
1/1/1969,5.82
2/1/1969,5.82
3/1/1969,5.82
4/1/1969,5.84
5/1/1969,5.84
6/1/1969,5.84
7/1/1969,5.89
8/1/1969,5.89
9/1/1969,5.89
10/1/1969,5.78
11/1/1969,5.78
12/1/1969,5.78
1/1/1970,5.63
2/1/1970,5.63
3/1/1970,5.63
4/1/1970,5.52
5/1/1970,5.52
6/1/1970,5.52
7/1/1970,5.36
8/1/1970,5.36
9/1/1970,5.36
10/1/1970,5.13
11/1/1970,5.13
12/1/1970,5.13
1/1/1971,5.22
2/1/1971,5.22
3/1/1971,5.22
4/1/1971,5.32
5/1/1971,5.32
6/1/1971,5.32
7/1/1971,5.43
8/1/1971,5.43
9/1/1971,5.43
10/1/1971,5.7
11/1/1971,5.7
12/1/1971,5.7
1/1/1972,5.81
2/1/1972,5.81
3/1/1972,5.81
4/1/1972,5.97
5/1/1972,5.97
6/1/1972,5.97
7/1/1972,6.14
8/1/1972,6.14
9/1/1972,6.14
10/1/1972,6.42
11/1/1972,6.42
12/1/1972,6.42
1/1/1973,6.8
2/1/1973,6.8
3/1/1973,6.8
4/1/1973,7.23
5/1/1973,7.23
6/1/1973,7.23
7/1/1973,7.69
8/1/1973,7.69
9/1/1973,7.69
10/1/1973,8.16
11/1/1973,8.16
12/1/1973,8.16
1/1/1974,8.36
2/1/1974,8.36
3/1/1974,8.36
4/1/1974,8.74
5/1/1974,8.74
6/1/1974,8.74
7/1/1974,9.11
8/1/1974,9.11
9/1/1974,9.11
10/1/1974,8.89
11/1/1974,8.89
12/1/1974,8.89
1/1/1975,8.45
2/1/1975,8.45
3/1/1975,8.45
4/1/1975,7.96
5/1/1975,7.96
6/1/1975,7.96
7/1/1975,7.76
8/1/1975,7.76
9/1/1975,7.76
10/1/1975,7.96
11/1/1975,7.96
12/1/1975,7.96
1/1/1976,8.66
2/1/1976,8.66
3/1/1976,8.66
4/1/1976,9.25
5/1/1976,9.25
6/1/1976,9.25
7/1/1976,9.55
8/1/1976,9.55
9/1/1976,9.55
10/1/1976,9.91
11/1/1976,9.91
12/1/1976,9.91
1/1/1977,10.08
2/1/1977,10.08
3/1/1977,10.08
4/1/1977,10.42
5/1/1977,10.42
6/1/1977,10.42
7/1/1977,10.71
8/1/1977,10.71
9/1/1977,10.71
10/1/1977,10.89
11/1/1977,10.89
12/1/1977,10.89
1/1/1978,10.92
2/1/1978,10.92
3/1/1978,10.92
4/1/1978,11.23
5/1/1978,11.23
6/1/1978,11.23
7/1/1978,11.57
8/1/1978,11.57
9/1/1978,11.57
10/1/1978,12.33
11/1/1978,12.33
12/1/1978,12.33
1/1/1979,13.3
2/1/1979,13.3
3/1/1979,13.3
4/1/1979,13.98
5/1/1979,13.98
6/1/1979,13.98
7/1/1979,14.63
8/1/1979,14.63
9/1/1979,14.63
10/1/1979,14.86
11/1/1979,14.86
12/1/1979,14.86
1/1/1980,15.29
2/1/1980,15.29
3/1/1980,15.29
4/1/1980,14.94
5/1/1980,14.94
6/1/1980,14.94
7/1/1980,14.64
8/1/1980,14.64
9/1/1980,14.64
10/1/1980,14.82
11/1/1980,14.82
12/1/1980,14.82
1/1/1981,14.58
2/1/1981,14.58
3/1/1981,14.58
4/1/1981,15.01
5/1/1981,15.01
6/1/1981,15.01
7/1/1981,15.27
8/1/1981,15.27
9/1/1981,15.27
10/1/1981,15.36
11/1/1981,15.36
12/1/1981,15.36
1/1/1982,14.81
2/1/1982,14.81
3/1/1982,14.81
4/1/1982,14.17
5/1/1982,14.17
6/1/1982,14.17
7/1/1982,13.56
8/1/1982,13.56
9/1/1982,13.56
10/1/1982,12.64
11/1/1982,12.64
12/1/1982,12.64
1/1/1983,12.42
2/1/1983,12.42
3/1/1983,12.42
4/1/1983,12.59
5/1/1983,12.59
6/1/1983,12.59
7/1/1983,13.3
8/1/1983,13.3
9/1/1983,13.3
10/1/1983,14.03
11/1/1983,14.03
12/1/1983,14.03
1/1/1984,15.26
2/1/1984,15.26
3/1/1984,15.26
4/1/1984,16.2
5/1/1984,16.2
6/1/1984,16.2
7/1/1984,16.56
8/1/1984,16.56
9/1/1984,16.56
10/1/1984,16.64
11/1/1984,16.64
12/1/1984,16.64
1/1/1985,16.39
2/1/1985,16.39
3/1/1985,16.39
4/1/1985,15.61
5/1/1985,15.61
6/1/1985,15.61
7/1/1985,15.23
8/1/1985,15.23
9/1/1985,15.23
10/1/1985,14.61
11/1/1985,14.61
12/1/1985,14.61
1/1/1986,14.52
2/1/1986,14.52
3/1/1986,14.52
4/1/1986,14.71
5/1/1986,14.71
6/1/1986,14.71
7/1/1986,14.85
8/1/1986,14.85
9/1/1986,14.85
10/1/1986,14.48
11/1/1986,14.48
12/1/1986,14.48
1/1/1987,15.1
2/1/1987,15.1
3/1/1987,15.1
4/1/1987,14.42
5/1/1987,14.42
6/1/1987,14.42
7/1/1987,15.86
8/1/1987,15.86
9/1/1987,15.86
10/1/1987,17.5
11/1/1987,17.5
12/1/1987,17.5
1/1/1988,18.59
2/1/1988,18.59
3/1/1988,18.59
4/1/1988,21.67
5/1/1988,21.67
6/1/1988,21.67
7/1/1988,22.73
8/1/1988,22.73
9/1/1988,22.73
10/1/1988,23.75
11/1/1988,23.75
12/1/1988,23.75
1/1/1989,24.96
2/1/1989,24.96
3/1/1989,24.96
4/1/1989,25.22
5/1/1989,25.22
6/1/1989,25.22
7/1/1989,23.69
8/1/1989,23.69
9/1/1989,23.69
10/1/1989,22.87
11/1/1989,22.87
12/1/1989,22.87
1/1/1990,21.67
2/1/1990,21.67
3/1/1990,21.67
4/1/1990,21.26
5/1/1990,21.26
6/1/1990,21.26
7/1/1990,21.74
8/1/1990,21.74
9/1/1990,21.74
10/1/1990,21.34
11/1/1990,21.34
12/1/1990,21.34
1/1/1991,20.94
2/1/1991,20.94
3/1/1991,20.94
4/1/1991,19.41
5/1/1991,19.41
6/1/1991,19.41
7/1/1991,17.82
8/1/1991,17.82
9/1/1991,17.82
10/1/1991,15.97
11/1/1991,15.97
12/1/1991,15.97
1/1/1992,16.19
2/1/1992,16.19
3/1/1992,16.19
4/1/1992,17.05
5/1/1992,17.05
6/1/1992,17.05
7/1/1992,18.04
8/1/1992,18.04
9/1/1992,18.04
10/1/1992,19.09
11/1/1992,19.09
12/1/1992,19.09
1/1/1993,19.84
2/1/1993,19.84
3/1/1993,19.84
4/1/1993,19.33
5/1/1993,19.33
6/1/1993,19.33
7/1/1993,20.41
8/1/1993,20.41
9/1/1993,20.41
10/1/1993,21.89
11/1/1993,21.89
12/1/1993,21.89
1/1/1994,22.71
2/1/1994,22.71
3/1/1994,22.71
4/1/1994,25.2
5/1/1994,25.2
6/1/1994,25.2
7/1/1994,27.33
8/1/1994,27.33
9/1/1994,27.33
10/1/1994,30.6
11/1/1994,30.6
12/1/1994,30.6
1/1/1995,32.55
2/1/1995,32.55
3/1/1995,32.55
4/1/1995,34.43
5/1/1995,34.43
6/1/1995,34.43
7/1/1995,35.18
8/1/1995,35.18
9/1/1995,35.18
10/1/1995,33.96
11/1/1995,33.96
12/1/1995,33.96
1/1/1996,34.04
2/1/1996,34.04
3/1/1996,34.04
4/1/1996,34.91
5/1/1996,34.91
6/1/1996,34.91
7/1/1996,36
8/1/1996,36
9/1/1996,36
10/1/1996,38.73
11/1/1996,38.73
12/1/1996,38.73
1/1/1997,40.24
2/1/1997,40.24
3/1/1997,40.24
4/1/1997,40.55
5/1/1997,40.55
6/1/1997,40.55
7/1/1997,40.64
8/1/1997,40.64
9/1/1997,40.64
10/1/1997,39.72
11/1/1997,39.72
12/1/1997,39.72
1/1/1998,39.54
2/1/1998,39.54
3/1/1998,39.54
4/1/1998,38.97
5/1/1998,38.97
6/1/1998,38.97
7/1/1998,38.09
8/1/1998,38.09
9/1/1998,38.09
10/1/1998,37.71
11/1/1998,37.71
12/1/1998,37.71
1/1/1999,38.38
2/1/1999,38.38
3/1/1999,38.38
4/1/1999,41.02
5/1/1999,41.02
6/1/1999,41.02
7/1/1999,43.96
8/1/1999,43.96
9/1/1999,43.96
10/1/1999,48.17
11/1/1999,48.17
12/1/1999,48.17
1/1/2000,50.95
2/1/2000,50.95
3/1/2000,50.95
4/1/2000,51.92
5/1/2000,51.92
6/1/2000,51.92
7/1/2000,53.7
8/1/2000,53.7
9/1/2000,53.7
10/1/2000,50
11/1/2000,50
12/1/2000,50
1/1/2001,45.44
2/1/2001,45.44
3/1/2001,45.44
4/1/2001,36.79
5/1/2001,36.79
6/1/2001,36.79
7/1/2001,28.31
8/1/2001,28.31
9/1/2001,28.31
10/1/2001,24.69
11/1/2001,24.69
12/1/2001,24.69
1/1/2002,24.7
2/1/2002,24.7
3/1/2002,24.7
4/1/2002,26.74
5/1/2002,26.74
6/1/2002,26.74
7/1/2002,30.04
8/1/2002,30.04
9/1/2002,30.04
10/1/2002,27.59
11/1/2002,27.59
12/1/2002,27.59
1/1/2003,30.32
2/1/2003,30.32
3/1/2003,30.32
4/1/2003,34.55
5/1/2003,34.55
6/1/2003,34.55
7/1/2003,38.58
8/1/2003,38.58
9/1/2003,38.58
10/1/2003,48.74
11/1/2003,48.74
12/1/2003,48.74
1/1/2004,52
2/1/2004,52
3/1/2004,52
4/1/2004,56.15
5/1/2004,56.15
6/1/2004,56.15
7/1/2004,57.77
8/1/2004,57.77
9/1/2004,57.77
10/1/2004,58.55
11/1/2004,58.55
12/1/2004,58.55
1/1/2005,60.32
2/1/2005,60.32
3/1/2005,60.32
4/1/2005,63.36
5/1/2005,63.36
6/1/2005,63.36
7/1/2005,66.57
8/1/2005,66.57
9/1/2005,66.57
10/1/2005,69.93
11/1/2005,69.93
12/1/2005,69.93
1/1/2006,72.67
2/1/2006,72.67
3/1/2006,72.67
4/1/2006,74.49
5/1/2006,74.49
6/1/2006,74.49
7/1/2006,78.57
8/1/2006,78.57
9/1/2006,78.57
10/1/2006,81.51
11/1/2006,81.51
12/1/2006,81.51
1/1/2007,83.15
2/1/2007,83.15
3/1/2007,83.15
4/1/2007,84.92
5/1/2007,84.92
6/1/2007,84.92
7/1/2007,78.6
8/1/2007,78.6
9/1/2007,78.6
10/1/2007,66.18
11/1/2007,66.18
12/1/2007,66.18
1/1/2008,60.39
2/1/2008,60.39
3/1/2008,60.39
4/1/2008,51.37
5/1/2008,51.37
6/1/2008,51.37
7/1/2008,45.95
8/1/2008,45.95
9/1/2008,45.95
10/1/2008,14.88
11/1/2008,14.88
12/1/2008,14.88
1/1/2009,6.86
2/1/2009,6.86
3/1/2009,6.86
4/1/2009,7.51
5/1/2009,7.51
6/1/2009,7.51
7/1/2009,12.54
8/1/2009,12.54
9/1/2009,12.54
10/1/2009,50.97
11/1/2009,50.97
12/1/2009,50.97
1/1/2010,60.93
2/1/2010,60.93
3/1/2010,60.93
4/1/2010,67.1
5/1/2010,67.1
6/1/2010,67.1
7/1/2010,71.86
8/1/2010,71.86
9/1/2010,71.86
10/1/2010,77.35
11/1/2010,77.35
12/1/2010,77.35
1/1/2011,81.31
2/1/2011,81.31
3/1/2011,81.31
4/1/2011,83.87
5/1/2011,83.87
6/1/2011,83.87
7/1/2011,86.98
8/1/2011,86.98
9/1/2011,86.98
10/1/2011,86.95
11/1/2011,86.95
12/1/2011,86.95
1/1/2012,88.54
2/1/2012,88.54
3/1/2012,88.54
4/1/2012,87.92
5/1/2012,87.92
6/1/2012,87.92
7/1/2012,86.5
8/1/2012,86.5
9/1/2012,86.5
10/1/2012,86.51
11/1/2012,86.51
12/1/2012,86.51
1/1/2013,87.7
2/1/2013,87.7
3/1/2013,87.7
4/1/2013,90.95
5/1/2013,90.95
6/1/2013,90.95
7/1/2013,94.37
8/1/2013,94.37
9/1/2013,94.37
10/1/2013,100.2
11/1/2013,100.2
12/1/2013,100.2
1/1/2014,100.85
2/1/2014,100.85
3/1/2014,100.85
4/1/2014,103.12
5/1/2014,103.12
6/1/2014,103.12
7/1/2014,105.96
8/1/2014,105.96
9/1/2014,105.96
10/1/2014,102.31
11/1/2014,102.31
12/1/2014,102.31
1/1/2015,99.25
2/1/2015,99.25
3/1/2015,99.25
4/1/2015,94.91
5/1/2015,94.91
6/1/2015,94.91
7/1/2015,90.66
8/1/2015,90.66
9/1/2015,90.66
10/1/2015,86.53
11/1/2015,86.53
12/1/2015,86.53
1/1/2016,86.44
2/1/2016,86.44
3/1/2016,86.44
4/1/2016,86.92
5/1/2016,86.92
6/1/2016,86.92
7/1/2016,89.09
8/1/2016,89.09
9/1/2016,89.09
10/1/2016,94.55
11/1/2016,94.55
12/1/2016,94.55
1/1/2017,100.29
2/1/2017,100.29
3/1/2017,100.29
4/1/2017,104.02
5/1/2017,104.02
6/1/2017,104.02
7/1/2017,107.08
8/1/2017,107.08
9/1/2017,107.08
10/1/2017,109.88
11/1/2017,109.88
12/1/2017,109.88
1/1/2018,115.44
2/1/2018,115.44
3/1/2018,115.44
4/1/2018,122.48
5/1/2018,122.48
6/1/2018,122.48
7/1/2018,130.39
8/1/2018,130.39
9/1/2018,130.39
10/1/2018,132.39
11/1/2018,132.39
12/1/2018,132.39
1/1/2019,134.39
2/1/2019,134.39
3/1/2019,134.39
4/1/2019,135.27
5/1/2019,135.27
6/1/2019,135.27
7/1/2019,132.9
8/1/2019,132.9
9/1/2019,132.9
10/1/2019,139.53
11/1/2019,139.53
12/1/2019,139.53
1/1/2020,116.33
2/1/2020,116.33
3/1/2020,116.33
4/1/2020,99.23
5/1/2020,99.23
6/1/2020,99.23
7/1/2020,98.25
8/1/2020,98.25
9/1/2020,98.25
10/1/2020,98.25
11/1/2020,98.25
12/1/2020,98.25
1/1/2021,128.2
2/1/2021,128.2
3/1/2021,128.2
4/1/2021,158.76
5/1/2021,158.76
6/1/2021,158.76
7/1/2021,175.37
8/1/2021,175.37
9/1/2021,175.37
10/1/2021,197.87
11/1/2021,197.87
12/1/2021,197.87
1/1/2022,197.91
2/1/2022,197.91
3/1/2022,197.91
4/1/2022,192.26
5/1/2022,192.26
6/1/2022,192.26
7/1/2022,187.08
8/1/2022,187.08
9/1/2022,187.08
10/1/2022,172.75
11/1/2022,172.75
12/1/2022,172.75
1/1/2023,175.22
2/1/2023,175.22
3/1/2023,175.22
4/1/2023,181.01
5/1/2023,181.01
6/1/2023,181.01
7/1/2023,184.25
8/1/2023,184.25
9/1/2023,184.25
10/1/2023,192.43
11/1/2023,192.43
12/1/2023,192.43
1/1/2024,191.39
2/1/2024,191.39
3/1/2024,191.39
4/1/2024,195.93
5/1/2024,195.93
6/1/2024,195.93
7/1/2024,200.27
8/1/2024,200.27
9/1/2024,200.27
10/1/2024,210.17
11/1/2024,210.17
12/1/2024,210.17
1/1/2025,216.69
2/1/2025,216.69
3/1/2025,216.69
4/1/2025,222.53
5/1/2025,222.53
6/1/2025,222.53
7/1/2025,234.06
8/1/2025,234.06
9/1/2025,234.06
10/1/2025,234.06
11/1/2025,234.06
12/1/2025,234.06
1/1/2026,234.06
2/1/2026,234.06
3/1/2026,234.06
