,SMALL LoEP,ME1 EP2,SMALL HiEP,BIG LoEP,ME2 EP2,BIG HiEP
1951-07-31,0.048600000000000004,0.0599,0.0592,0.0642,0.0862,0.0603
1951-08-31,0.055099999999999996,0.06,0.050499999999999996,0.038900000000000004,0.0574,0.0672
1951-09-30,0.0098,0.0146,0.013600000000000001,-0.0021,-0.0021,0.0168
1951-10-31,-0.026099999999999998,-0.0062,-0.018799999999999997,-0.0417,-0.0113,-0.023
1951-11-30,0.011000000000000001,0.0166,0.0108,0.0025,0.0069,0.0131
1951-12-31,0.017,0.0206,0.0134,0.0404,0.0496,0.0258
1952-01-31,0.0124,0.0087,0.0078000000000000005,0.005699999999999999,0.0263,0.0016
1952-02-29,-0.047599999999999996,-0.0217,-0.0049,-0.0298,-0.039900000000000005,-0.0151
1952-03-31,0.0053,0.0137,0.023700000000000002,0.0305,0.0588,0.0722
1952-04-30,-0.0495,-0.0481,-0.049800000000000004,-0.0443,-0.067,-0.046799999999999994
1952-05-31,0.011000000000000001,0.0323,0.0218,0.0339,0.0375,0.0331
1952-06-30,0.0259,0.0331,0.0264,0.0364,0.0489,0.059500000000000004
1952-07-31,0.006999999999999999,0.0042,0.013500000000000002,0.006999999999999999,0.013500000000000002,0.02
1952-08-31,0.0054,-0.0002,0.0015,0.0001,-0.0102,-0.0125
1952-09-30,-0.0166,-0.005600000000000001,-0.0101,-0.011899999999999999,-0.023700000000000002,-0.024399999999999998
1952-10-31,-0.0192,-0.0235,-0.012199999999999999,-0.0076,0.002,-0.0032
1952-11-30,0.0556,0.0553,0.063,0.0729,0.0493,0.08779999999999999
1952-12-31,0.0297,0.0161,0.0204,0.0183,0.0416,0.028300000000000002
1953-01-31,0.026000000000000002,0.0286,0.044000000000000004,-0.001,-0.0118,0.0053
1953-02-28,0.0233,0.0086,0.021,-0.005600000000000001,0.0006,-0.0079
1953-03-31,-0.0089,-0.0235,-0.0083,0.0004,-0.0227,-0.0296
1953-04-30,-0.023799999999999998,-0.0172,-0.0033,-0.0231,-0.0297,-0.0189
1953-05-31,0.0023,0.016200000000000003,0.0097,0.0086,0.0075,-0.0027
1953-06-30,-0.0254,-0.0388,-0.0414,-0.0147,-0.0121,-0.0252
1953-07-31,0.0006,0.0173,0.0203,0.0253,0.0339,0.015600000000000001
1953-08-31,-0.045700000000000005,-0.0375,-0.0554,-0.023799999999999998,-0.049699999999999994,-0.0731
1953-09-30,-0.0226,-0.0124,0.0013,0.0166,0.001,-0.0055000000000000005
1953-10-31,0.0248,0.0333,0.0467,0.037599999999999995,0.057800000000000004,0.0723
1953-11-30,0.0226,0.0191,0.0095,0.0378,0.0248,0.0262
1953-12-31,-0.0053,-0.0126,-0.011000000000000001,0.0058,0.0060999999999999995,0.0067
1954-01-31,0.0762,0.0604,0.0599,0.030299999999999997,0.0647,0.08
1954-02-28,0.0095,0.018000000000000002,0.0148,0.013000000000000001,0.0233,0.018600000000000002
1954-03-31,0.0296,0.009300000000000001,0.0297,0.0382,0.0412,0.0548
1954-04-30,0.0379,-0.0015,0.0241,0.043899999999999995,0.053099999999999994,0.059000000000000004
1954-05-31,0.0255,0.039,0.056600000000000004,0.0223,0.030899999999999997,0.048
1954-06-30,-0.0038,0.030299999999999997,0.0235,0.028999999999999998,-0.0018,0.0052
1954-07-31,0.0673,0.0525,0.0897,0.03,0.0621,0.0803
1954-08-31,-0.0194,-0.0072,-0.0076,-0.0281,-0.020099999999999996,-0.0337
1954-09-30,0.0556,0.045700000000000005,0.0462,0.0464,0.0943,0.08689999999999999
1954-10-31,0.0068000000000000005,-0.0183,-0.0021,-0.027000000000000003,-0.0149,0.0013
1954-11-30,0.0906,0.0877,0.11019999999999999,0.0968,0.0802,0.1291
1954-12-31,0.1411,0.0667,0.11689999999999999,0.0285,0.0529,0.1033
1955-01-31,0.0245,0.0151,0.015600000000000001,-0.002,0.012,0.020499999999999997
1955-02-28,0.0538,0.0371,0.0696,0.0391,0.0158,0.0355
1955-03-31,-0.0017000000000000001,0.0018,0.0016,-0.0024,-0.0039000000000000003,0.0053
1955-04-30,-0.01,0.0276,0.009300000000000001,0.0437,0.03,0.024900000000000002
1955-05-31,-0.008100000000000001,0.0031,0.0024,0.023399999999999997,0.004699999999999999,0.0016
1955-06-30,0.0175,0.0141,0.054000000000000006,0.0548,0.0789,0.1223
1955-07-31,0.0288,0.0089,0.011200000000000002,-0.0021,0.0291,0.08449999999999999
1955-08-31,0.0151,-0.0034999999999999996,0.0101,0.011399999999999999,-0.0002,-0.008100000000000001
1955-09-30,0.012199999999999999,0.0089,-0.0029,-0.011000000000000001,-0.015,0.044000000000000004
1955-10-31,-0.0229,-0.006500000000000001,-0.0027,-0.0285,-0.0176,-0.0327
1955-11-30,0.0669,0.0464,0.0391,0.0661,0.0682,0.0862
1955-12-31,0.0277,0.0318,0.0179,0.0229,0.0213,0.0060999999999999995
1956-01-31,-0.0241,-0.0126,-0.023,-0.0329,-0.015,-0.042199999999999994
1956-02-29,0.0287,0.0181,0.030699999999999998,0.0415,0.04190000000000001,0.0425
1956-03-31,0.0504,0.047599999999999996,0.0385,0.0674,0.0855,0.0562
1956-04-30,0.0388,-0.004699999999999999,0.0139,-0.0036,0.0108,0.016
1956-05-31,-0.049400000000000006,-0.0493,-0.0346,-0.0466,-0.0458,-0.0638
1956-06-30,0.031200000000000002,0.0165,0.024900000000000002,0.04019999999999999,0.0271,0.055999999999999994
1956-07-31,0.0358,0.0322,0.046900000000000004,0.044000000000000004,0.053200000000000004,0.08960000000000001
1956-08-31,-0.0059,-0.0018,0.0044,-0.036000000000000004,-0.030600000000000002,-0.0042
1956-09-30,-0.0229,-0.0217,-0.0313,-0.0629,-0.0444,-0.023799999999999998
1956-10-31,0.011200000000000002,0.0123,0.0176,0.0068000000000000005,0.0023,0.0268
1956-11-30,0.0753,-0.005600000000000001,0.025099999999999997,-0.0072,0.0070999999999999995,0.0277
1956-12-31,0.08650000000000001,0.0373,0.0322,0.0322,0.0412,0.04769999999999999
1957-01-31,-0.0040999999999999995,-0.002,0.009399999999999999,-0.031,-0.0401,-0.07200000000000001
1957-02-28,-0.0484,-0.0263,-0.027000000000000003,-0.0086,-0.016200000000000003,-0.045700000000000005
1957-03-31,0.0068000000000000005,0.0229,0.0259,0.0245,0.0235,0.0184
1957-04-30,0.039900000000000005,0.0242,0.0455,0.0452,0.053,0.0408
1957-05-31,0.015,0.0155,0.0138,0.0379,0.04650000000000001,0.02
1957-06-30,0.013600000000000001,-0.0144,0.0044,0.0,-0.0102,0.0062
1957-07-31,-0.016399999999999998,-0.004,0.0106,0.0143,0.0074,-0.001
1957-08-31,-0.0587,-0.028999999999999998,-0.0509,-0.0484,-0.0414,-0.0541
1957-09-30,-0.0521,-0.0352,-0.0449,-0.0611,-0.0471,-0.042199999999999994
1957-10-31,-0.0993,-0.0538,-0.0629,-0.0348,-0.031200000000000002,-0.0513
1957-11-30,0.06,0.014499999999999999,0.0195,0.0275,0.0287,0.013000000000000001
1957-12-31,-0.054400000000000004,-0.0273,-0.0435,-0.0302,-0.0313,-0.0596
1958-01-31,0.149,0.0876,0.1121,0.0313,0.054900000000000004,0.0817
1958-02-28,-0.014199999999999999,-0.0003,-0.0025,-0.0174,-0.0042,-0.0049
1958-03-31,0.0444,0.0358,0.0433,0.030899999999999997,0.0363,0.049
1958-04-30,0.0501,0.0322,0.019799999999999998,0.0256,0.0432,0.0274
1958-05-31,0.0613,0.0349,0.0332,0.018000000000000002,0.027999999999999997,0.025
1958-06-30,0.021,0.0335,0.037599999999999995,0.0286,0.0297,0.026000000000000002
1958-07-31,0.048799999999999996,0.061900000000000004,0.0637,0.0418,0.035699999999999996,0.08310000000000001
1958-08-31,0.0501,0.0242,0.0429,0.0168,0.0165,0.0329
1958-09-30,0.07769999999999999,0.0766,0.059800000000000006,0.04190000000000001,0.056100000000000004,0.0745
1958-10-31,0.0278,0.0239,0.0481,0.0219,0.0291,0.044800000000000006
1958-11-30,0.0638,0.0391,0.049,0.030699999999999998,0.0288,0.0322
1958-12-31,0.024399999999999998,0.044500000000000005,0.0375,0.0667,0.0398,0.0613
1959-01-31,0.022000000000000002,0.059800000000000006,0.0587,0.0,0.0127,0.015600000000000001
1959-02-28,0.049100000000000005,0.0387,0.043,0.0239,-0.0152,0.0177
1959-03-31,0.0516,0.0204,0.0215,0.0115,-0.0004,-0.0046
1959-04-30,-0.020499999999999997,0.0525,0.0393,0.044500000000000005,0.0383,0.045700000000000005
1959-05-31,0.0209,-0.0046,0.0068000000000000005,0.024300000000000002,0.0175,0.0415
1959-06-30,0.013600000000000001,0.012199999999999999,0.0217,-0.0066,-0.0006,0.026099999999999998
1959-07-31,0.0301,0.0315,0.0378,0.0436,0.024,0.0381
1959-08-31,-0.033,-0.0089,-0.005699999999999999,-0.0183,-0.0003,-0.018000000000000002
1959-09-30,-0.045899999999999996,-0.0443,-0.0415,-0.049400000000000006,-0.0401,-0.024700000000000003
1959-10-31,0.0263,0.023700000000000002,0.0167,0.011699999999999999,0.0152,0.029300000000000003
1959-11-30,0.0212,0.023399999999999997,0.0231,0.0339,0.005699999999999999,0.0079
1959-12-31,0.035699999999999996,0.051,0.013000000000000001,0.0338,0.0258,0.0144
1960-01-31,-0.0775,-0.051,-0.0351,-0.0885,-0.049800000000000004,-0.059699999999999996
1960-02-29,0.0151,0.0178,0.0152,0.0111,0.0313,-0.0043
1960-03-31,-0.0481,-0.006500000000000001,-0.018000000000000002,-0.0115,-0.0091,-0.010700000000000001
1960-04-30,-0.0292,-0.011899999999999999,-0.0074,-0.018500000000000003,-0.0098,-0.0115
1960-05-31,0.0432,0.0453,0.0271,0.0444,0.0292,0.0083
1960-06-30,0.018000000000000002,0.0146,0.0286,0.017,0.028999999999999998,0.0373
1960-07-31,-0.0441,-0.0366,-0.0124,-0.042699999999999995,-0.0019,-0.0049
1960-08-31,0.0315,0.030299999999999997,0.0337,0.0218,0.0412,0.041299999999999996
1960-09-30,-0.0766,-0.0683,-0.0567,-0.0755,-0.0404,-0.04
1960-10-31,-0.0622,-0.0432,-0.0297,-0.013999999999999999,0.0060999999999999995,0.0051
1960-11-30,0.0857,0.049100000000000005,0.0513,0.0565,0.0401,0.0463
1960-12-31,0.0748,0.0387,0.0311,0.0403,0.06,0.0421
1961-01-31,0.0736,0.0616,0.10619999999999999,0.044199999999999996,0.0718,0.0933
1961-02-28,0.08990000000000001,0.057300000000000004,0.08259999999999999,0.0373,0.0281,0.0356
1961-03-31,0.1161,0.0444,0.0564,0.0183,0.037599999999999995,0.0326
1961-04-30,0.0167,0.0111,0.0062,-0.0029,0.0104,0.0282
1961-05-31,0.0495,0.0382,0.0681,0.0361,0.0113,0.0405
1961-06-30,-0.061799999999999994,-0.0431,-0.052300000000000006,-0.022799999999999997,-0.028300000000000002,-0.027000000000000003
1961-07-31,0.026099999999999998,0.0036,0.0125,0.0274,0.038,0.036000000000000004
1961-08-31,0.0002,0.0007000000000000001,0.0236,0.028300000000000002,0.03,0.0092
1961-09-30,-0.0542,-0.0318,-0.023,-0.0126,-0.0258,-0.005
1961-10-31,0.0088,0.027000000000000003,0.0176,0.0226,0.038,0.0297
1961-11-30,0.0805,0.0621,0.0496,0.04190000000000001,0.042699999999999995,0.0705
1961-12-31,-0.0143,0.0108,-0.0031,-0.0027,-0.0055000000000000005,0.0338
1962-01-31,-0.030600000000000002,-0.0101,-0.0037,-0.0582,-0.025,-0.0013
1962-02-28,-0.0008,0.0085,0.0187,0.019299999999999998,0.027200000000000002,0.013000000000000001
1962-03-31,0.002,0.0092,-0.0096,-0.0048,-0.0004,-0.0075
1962-04-30,-0.0898,-0.0696,-0.061900000000000004,-0.0712,-0.0537,-0.05
1962-05-31,-0.1211,-0.1081,-0.0944,-0.099,-0.0733,-0.05
1962-06-30,-0.0953,-0.0857,-0.0559,-0.10039999999999999,-0.0691,-0.050199999999999995
1962-07-31,0.0904,0.056100000000000004,0.0538,0.0885,0.0493,0.04019999999999999
1962-08-31,0.04,0.0269,0.0368,0.026000000000000002,0.020099999999999996,0.0195
1962-09-30,-0.08689999999999999,-0.06269999999999999,-0.061,-0.0625,-0.034,-0.034
1962-10-31,-0.0546,-0.0368,-0.015700000000000002,0.0118,0.005,-0.004
1962-11-30,0.1618,0.133,0.1276,0.115,0.0955,0.1114
1962-12-31,-0.032799999999999996,-0.0125,-0.0042,0.0086,0.0264,0.0222
1963-01-31,0.07519999999999999,0.0818,0.0821,0.046799999999999994,0.0525,0.044000000000000004
1963-02-28,-0.025,-0.0172,-0.010700000000000001,-0.029300000000000003,-0.0213,-0.0127
1963-03-31,0.0097,0.0048,0.0258,0.0235,0.043899999999999995,0.0528
1963-04-30,0.0421,0.0335,0.034300000000000004,0.0492,0.0394,0.0599
1963-05-31,0.0437,0.0341,0.0286,0.0163,0.0276,0.0102
1963-06-30,-0.020099999999999996,-0.0194,-0.0159,-0.0274,-0.0154,-0.0031
1963-07-31,-0.0124,-0.0044,-0.0052,-0.0032,0.0024,0.0105
1963-08-31,0.057,0.050199999999999995,0.046799999999999994,0.0542,0.047400000000000005,0.0621
1963-09-30,-0.0172,-0.0059,-0.018799999999999997,-0.0037,-0.0213,-0.0154
1963-10-31,0.0158,0.0144,0.0207,0.0387,0.0029,0.0693
1963-11-30,-0.028399999999999998,-0.0059,-0.0109,0.0103,-0.0089,-0.04190000000000001
1963-12-31,0.0031,0.0127,0.0023,0.023799999999999998,0.0269,0.015300000000000001
1964-01-31,0.0212,0.0281,0.0331,0.0313,0.024300000000000002,0.0208
1964-02-29,0.0141,0.027200000000000002,0.022799999999999997,0.013600000000000001,0.016200000000000003,0.030600000000000002
1964-03-31,0.032799999999999996,0.0347,0.0509,0.0092,0.0252,0.0215
1964-04-30,-0.0166,-0.0177,-0.011000000000000001,-0.0086,0.011899999999999999,0.0363
1964-05-31,0.0167,0.0137,0.0092,0.0137,0.0096,0.0308
1964-06-30,0.004699999999999999,0.0151,0.025099999999999997,0.021,0.0168,0.0064
1964-07-31,0.025099999999999997,0.0286,0.0202,0.008199999999999999,0.0339,0.0287
1964-08-31,-0.0079,-0.0024,-0.008100000000000001,-0.018600000000000002,-0.005699999999999999,0.0033
1964-09-30,0.028300000000000002,0.0296,0.0335,0.0248,0.0326,0.0426
1964-10-31,0.0040999999999999995,0.023,0.0182,0.0016,0.016399999999999998,0.005
1964-11-30,-0.006,0.0036,-0.0062,0.0019,0.0063,0.0060999999999999995
1964-12-31,0.0101,-0.003,-0.0115,0.0127,0.0002,-0.008
1965-01-31,0.0637,0.0635,0.0616,0.0462,0.0241,0.0279
1965-02-28,0.0444,0.0403,0.0369,0.0109,-0.005699999999999999,0.0098
1965-03-31,0.019799999999999998,-0.0024,0.0148,-0.0144,-0.010700000000000001,-0.0097
1965-04-30,0.0294,0.0587,0.045599999999999995,0.036699999999999997,0.0347,0.026699999999999998
1965-05-31,0.001,-0.0003,-0.0034000000000000002,0.0051,-0.0108,-0.006
1965-06-30,-0.1127,-0.0898,-0.0843,-0.0471,-0.0444,-0.0499
1965-07-31,0.0265,0.030899999999999997,0.0341,0.0102,0.0204,0.031
1965-08-31,0.0728,0.057,0.044800000000000006,0.0246,0.0322,0.0358
1965-09-30,0.0446,0.0513,0.04,0.0322,0.0315,0.0398
1965-10-31,0.07139999999999999,0.0572,0.0668,0.0169,0.0355,0.0602
1965-11-30,0.0359,0.0638,0.0526,-0.002,-0.0034999999999999996,0.0073
1965-12-31,0.0622,0.024900000000000002,0.0394,0.0077,0.008100000000000001,0.032799999999999996
1966-01-31,0.0705,0.054299999999999994,0.0661,-0.0032,0.0096,0.044500000000000005
1966-02-28,0.0492,0.021,0.034300000000000004,-0.0102,-0.0203,-0.0054
1966-03-31,-0.008100000000000001,-0.0278,-0.021400000000000002,-0.0175,-0.0246,-0.022799999999999997
1966-04-30,0.0594,0.0718,0.0401,0.030699999999999998,0.0060999999999999995,0.0181
1966-05-31,-0.11470000000000001,-0.0947,-0.09960000000000001,-0.0417,-0.0525,-0.0666
1966-06-30,0.015300000000000001,0.004,-0.0038,-0.015,-0.0109,0.0024
1966-07-31,-0.0203,-0.0226,-0.009300000000000001,-0.017,-0.0066,-0.0149
1966-08-31,-0.1128,-0.0967,-0.1016,-0.0736,-0.0705,-0.076
1966-09-30,-0.0248,-0.0174,-0.0073,-0.016399999999999998,0.0077,-0.0166
1966-10-31,-0.036699999999999997,-0.0113,0.0012,0.0353,0.0602,0.0482
1966-11-30,0.08900000000000001,0.031,0.0308,0.053899999999999997,-0.0169,0.0028000000000000004
1966-12-31,0.041100000000000005,0.0223,0.0115,-0.0034000000000000002,0.0083,0.0064
1967-01-31,0.18510000000000001,0.1588,0.17850000000000002,0.0696,0.0741,0.11960000000000001
1967-02-28,0.058499999999999996,0.0245,0.021099999999999997,0.028999999999999998,-0.0075,-0.0138
1967-03-31,0.07139999999999999,0.0692,0.053,0.0388,0.0434,0.058499999999999996
1967-04-30,0.0593,0.0332,0.0475,0.058899999999999994,0.0317,0.0269
1967-05-31,-0.0202,-0.0126,-0.0207,-0.0496,-0.0438,-0.0271
1967-06-30,0.1186,0.0716,0.07730000000000001,0.0206,0.0124,0.0397
1967-07-31,0.08199999999999999,0.0764,0.0953,0.0269,0.068,0.0662
1967-08-31,-0.018600000000000002,0.0055000000000000005,0.0126,-0.0075,-0.0105,0.0033
1967-09-30,0.0638,0.0451,0.056299999999999996,0.0365,0.0298,0.024900000000000002
1967-10-31,-0.0028000000000000004,-0.0278,-0.0375,-0.011200000000000002,-0.041100000000000005,-0.04769999999999999
1967-11-30,0.0016,0.0091,0.004699999999999999,0.015600000000000001,-0.0048,0.0015
1967-12-31,0.1222,0.0583,0.0735,0.018000000000000002,0.0388,0.0415
1968-01-31,-0.027999999999999997,0.018500000000000003,0.0246,-0.0576,-0.0219,-0.0279
1968-02-29,-0.0827,-0.0536,-0.045700000000000005,-0.03,-0.0256,-0.039599999999999996
1968-03-31,-0.0169,-0.012199999999999999,-0.0021,0.018799999999999997,-0.0084,0.0074
1968-04-30,0.1848,0.1313,0.1377,0.09539999999999998,0.0662,0.1143
1968-05-31,0.10099999999999999,0.0796,0.09390000000000001,0.0187,0.0092,0.0331
1968-06-30,-0.0052,0.0126,0.0141,0.0029,0.024399999999999998,0.0027
1968-07-31,-0.0546,-0.031,-0.0138,-0.0512,-0.01,0.0327
1968-08-31,0.0401,0.0382,0.0404,0.0096,0.0204,0.012199999999999999
1968-09-30,0.0833,0.0711,0.0571,0.0291,0.047400000000000005,0.0434
1968-10-31,-0.011200000000000002,0.0138,0.0253,-0.0149,0.0236,0.026000000000000002
1968-11-30,0.08800000000000001,0.08199999999999999,0.0662,0.0622,0.047,0.0663
1968-12-31,0.0066,-0.0123,-0.0072,-0.049800000000000004,-0.039,-0.0239
1969-01-31,-0.021,-0.013600000000000001,-0.0021,-0.0196,0.0002,-0.0044
1969-02-28,-0.1073,-0.0796,-0.0702,-0.042,-0.046799999999999994,-0.0535
1969-03-31,0.034,0.026099999999999998,0.0252,0.04019999999999999,0.0278,0.0364
1969-04-30,0.012,0.009899999999999999,0.0143,0.0353,0.0195,0.0008
1969-05-31,0.0004,-0.0009,0.0049,-0.0055000000000000005,0.0051,0.0196
1969-06-30,-0.1298,-0.11320000000000001,-0.09699999999999999,-0.0275,-0.0742,-0.0797
1969-07-31,-0.1121,-0.09759999999999999,-0.0654,-0.046900000000000004,-0.0672,-0.0659
1969-08-31,0.0736,0.054000000000000006,0.036699999999999997,0.0709,0.0496,0.0297
1969-09-30,-0.0085,-0.0207,-0.0199,-0.0033,-0.035699999999999996,-0.0421
1969-10-31,0.1103,0.0823,0.0634,0.0625,0.0625,0.0332
1969-11-30,-0.0524,-0.0575,-0.045,-0.0181,-0.0392,-0.0366
1969-12-31,-0.053200000000000004,-0.051,-0.052199999999999996,0.0048,-0.0239,-0.0282
1970-01-31,-0.059800000000000006,-0.0565,-0.0208,-0.08560000000000001,-0.07400000000000001,-0.0747
1970-02-28,0.035,0.036699999999999997,0.051399999999999994,0.0401,0.0796,0.0699
1970-03-31,-0.0528,-0.0068000000000000005,-0.0011,-0.0233,0.0008,0.024300000000000002
1970-04-30,-0.21050000000000002,-0.1363,-0.1073,-0.1094,-0.09699999999999999,-0.0764
1970-05-31,-0.1164,-0.09609999999999999,-0.0818,-0.0832,-0.0592,-0.0281
1970-06-30,-0.0959,-0.0724,-0.0377,-0.0626,-0.0351,-0.0472
1970-07-31,0.0751,0.0693,0.0635,0.0483,0.0966,0.0821
1970-08-31,0.061399999999999996,0.06509999999999999,0.0684,0.0398,0.0555,0.0535
1970-09-30,0.166,0.1057,0.0967,0.07490000000000001,0.005699999999999999,0.0325
1970-10-31,-0.0747,-0.0525,-0.0438,-0.0073,-0.020499999999999997,-0.0055000000000000005
1970-11-30,0.0008,0.024300000000000002,0.0347,0.048,0.0634,0.0518
1970-12-31,0.0703,0.0999,0.1003,0.049800000000000004,0.0682,0.064
1971-01-31,0.1167,0.1084,0.11560000000000001,0.044199999999999996,0.047,0.029900000000000003
1971-02-28,0.042,0.0329,0.0354,0.0227,0.0026,0.0274
1971-03-31,0.07690000000000001,0.0632,0.0417,0.0553,0.0349,0.0276
1971-04-30,0.0342,0.037200000000000004,0.026600000000000002,0.0368,0.032,0.038
1971-05-31,-0.0397,-0.0533,-0.052000000000000005,-0.0279,-0.0405,-0.045599999999999995
1971-06-30,0.0009,-0.0101,-0.0212,0.01,0.0009,-0.0012
1971-07-31,-0.0712,-0.048499999999999995,-0.045,-0.044199999999999996,-0.032400000000000005,-0.042
1971-08-31,0.0446,0.049800000000000004,0.0458,0.0622,0.0194,0.0235
1971-09-30,-0.0108,0.0052,-0.009300000000000001,0.0051,-0.0104,-0.0227
1971-10-31,-0.0562,-0.0572,-0.047400000000000005,-0.0393,-0.0322,-0.0509
1971-11-30,-0.026000000000000002,-0.0288,-0.0286,0.0077,-0.0024,-0.0073
1971-12-31,0.1386,0.11539999999999999,0.11349999999999999,0.0908,0.0875,0.0857
1972-01-31,0.1128,0.0571,0.076,0.025099999999999997,0.0034000000000000002,0.0501
1972-02-29,0.0504,0.028999999999999998,0.0305,0.0483,0.012,0.0138
1972-03-31,0.015,0.0049,-0.0034999999999999996,0.023,-0.0055000000000000005,-0.0103
1972-04-30,0.004,0.0165,0.0036,0.0109,0.0004,-0.006500000000000001
1972-05-31,-0.006999999999999999,-0.0195,-0.023700000000000002,0.0281,0.014199999999999999,-0.0002
1972-06-30,-0.0256,-0.0296,-0.0327,-0.0131,-0.021400000000000002,-0.0385
1972-07-31,-0.0473,-0.0331,-0.0209,0.0077,-0.0126,-0.0075
1972-08-31,-0.0026,0.018000000000000002,0.0256,0.0070999999999999995,0.059000000000000004,0.0799
1972-09-30,-0.0331,-0.0302,-0.0258,-0.0028000000000000004,-0.019799999999999998,0.0039000000000000003
1972-10-31,-0.040999999999999995,-0.0116,0.0126,0.006999999999999999,0.0143,0.0155
1972-11-30,0.035,0.059699999999999996,0.0687,0.021400000000000002,0.0758,0.0761
1972-12-31,-0.012,-0.0148,-0.0141,0.030899999999999997,-0.0053,-0.0023
1973-01-31,-0.0711,-0.0579,-0.0378,-0.021,-0.047400000000000005,-0.0031
1973-02-28,-0.10529999999999999,-0.0868,-0.0528,-0.028999999999999998,-0.0451,-0.050499999999999996
1973-03-31,-0.0344,-0.0296,-0.0152,-0.0089,-0.0043,0.0058
1973-04-30,-0.0968,-0.071,-0.039,-0.061900000000000004,-0.0415,-0.013300000000000001
1973-05-31,-0.10779999999999999,-0.0795,-0.0616,-0.0062,-0.0134,-0.034
1973-06-30,-0.0438,-0.0352,-0.0268,-0.006500000000000001,-0.0182,0.0009
1973-07-31,0.19329999999999997,0.1069,0.0803,0.06480000000000001,0.0345,0.023
1973-08-31,-0.030600000000000002,-0.0519,-0.0487,-0.0308,-0.029900000000000003,-0.0217
1973-09-30,0.10769999999999999,0.1058,0.07719999999999999,0.0189,0.0892,0.0897
1973-10-31,-0.013999999999999999,-0.0023,-0.0019,0.0076,-0.0128,-0.0137
1973-11-30,-0.2211,-0.18960000000000002,-0.15960000000000002,-0.1168,-0.11470000000000001,-0.12050000000000001
1973-12-31,-0.023799999999999998,-0.0121,-0.0235,-0.009300000000000001,0.053099999999999994,0.0368
1974-01-31,0.0727,0.0984,0.1198,-0.0222,0.0017000000000000001,0.0496
1974-02-28,-0.011699999999999999,0.0092,0.0204,-0.006999999999999999,0.005600000000000001,0.0218
1974-03-31,-0.0074,0.0049,0.0017000000000000001,-0.0187,-0.031,-0.0276
1974-04-30,-0.0634,-0.0482,-0.0438,-0.0321,-0.0526,-0.066
1974-05-31,-0.0801,-0.0728,-0.0661,-0.019,-0.0492,-0.0552
1974-06-30,-0.030600000000000002,-0.0213,-0.0166,-0.015600000000000001,-0.0227,-0.0403
1974-07-31,-0.0678,-0.0384,-0.036699999999999997,-0.1016,-0.023799999999999998,-0.0783
1974-08-31,-0.091,-0.084,-0.0741,-0.1018,-0.066,-0.0536
1974-09-30,-0.11810000000000001,-0.0735,-0.0767,-0.1411,-0.0646,-0.0897
1974-10-31,0.13949999999999999,0.0834,0.0788,0.21719999999999998,0.1381,0.0197
1974-11-30,-0.043899999999999995,-0.0462,-0.0547,-0.038900000000000004,-0.0361,-0.05
1974-12-31,-0.0712,-0.0535,-0.0692,-0.0358,-0.0013,-0.0096
1975-01-31,0.24309999999999998,0.2672,0.2957,0.1027,0.1592,0.23420000000000002
1975-02-28,0.0712,0.0463,0.0197,0.0851,0.0319,0.0182
1975-03-31,0.0738,0.0587,0.0956,0.0313,0.0134,0.065
1975-04-30,0.06509999999999999,0.04,0.025,0.057999999999999996,0.029500000000000002,0.043899999999999995
1975-05-31,0.1043,0.0665,0.0704,0.0541,0.0553,0.057
1975-06-30,0.0678,0.0677,0.0689,0.04,0.0644,0.08650000000000001
1975-07-31,-0.0316,-0.021099999999999997,-0.0265,-0.0764,-0.046900000000000004,-0.040999999999999995
1975-08-31,-0.042699999999999995,-0.0434,-0.0582,-0.026699999999999998,-0.0101,-0.004699999999999999
1975-09-30,-0.0398,-0.0371,-0.029300000000000003,-0.0418,-0.0265,-0.030699999999999998
1975-10-31,0.0159,0.0292,0.025699999999999997,0.0781,0.0414,0.030899999999999997
1975-11-30,0.009399999999999999,0.0274,0.0377,0.036000000000000004,0.0222,0.0262
1975-12-31,-0.0165,-0.0097,-0.0079,-0.0209,0.0067,0.0062
1976-01-31,0.1723,0.16760000000000003,0.2257,0.1097,0.1222,0.18789999999999998
1976-02-29,0.0724,0.0732,0.102,-0.0121,0.0072,0.0212
1976-03-31,0.0143,0.011000000000000001,0.0171,0.0315,0.026699999999999998,0.022099999999999998
1976-04-30,-0.0144,-0.0036,-0.015600000000000001,-0.018500000000000003,0.0007000000000000001,0.004699999999999999
1976-05-31,-0.0208,-0.015,-0.0254,-0.0187,0.0131,0.0001
1976-06-30,0.0352,0.0384,0.0369,0.0444,0.0447,0.0638
1976-07-31,-0.0083,0.0089,0.0027,-0.013300000000000001,0.0024,-0.009000000000000001
1976-08-31,-0.0341,-0.011000000000000001,-0.014199999999999999,-0.0013,0.0076,-0.0126
1976-09-30,0.0278,0.0321,0.0302,0.0213,0.0301,0.0356
1976-10-31,-0.0318,-0.015,-0.0189,-0.0225,-0.0175,-0.0181
1976-11-30,0.0403,0.0347,0.0364,-0.008199999999999999,0.0155,0.026099999999999998
1976-12-31,0.0967,0.0934,0.0959,0.0437,0.0642,0.08789999999999999
1977-01-31,0.0055000000000000005,0.018000000000000002,0.0311,-0.073,-0.0183,0.0008
1977-02-28,-0.018000000000000002,-0.0083,0.0018,-0.017,-0.015600000000000001,-0.0213
1977-03-31,-0.0017000000000000001,0.0064,0.0070999999999999995,-0.0196,-0.0069,0.0072
1977-04-30,0.0058,0.0103,0.0231,-0.0141,0.018500000000000003,0.0245
1977-05-31,-0.0021,-0.0001,0.0075,-0.021,-0.0048,-0.0040999999999999995
1977-06-30,0.0793,0.060899999999999996,0.0666,0.060700000000000004,0.0362,0.048499999999999995
1977-07-31,-0.0069,0.006500000000000001,0.0038,-0.013300000000000001,-0.015,-0.0246
1977-08-31,0.011699999999999999,-0.0060999999999999995,-0.0138,0.0059,-0.0323,-0.0292
1977-09-30,0.0078000000000000005,0.0149,0.02,-0.0124,0.0106,0.0096
1977-10-31,-0.033,-0.023700000000000002,-0.0161,-0.046,-0.0364,-0.037599999999999995
1977-11-30,0.08349999999999999,0.0713,0.0824,0.0434,0.034300000000000004,0.056299999999999996
1977-12-31,0.0335,0.015300000000000001,0.018000000000000002,0.0032,0.0074,0.0055000000000000005
1978-01-31,-0.0361,-0.032400000000000005,-0.0242,-0.060599999999999994,-0.059800000000000006,-0.051100000000000007
1978-02-28,0.016200000000000003,0.0218,0.0262,-0.032799999999999996,0.0025,-0.0028000000000000004
1978-03-31,0.07150000000000001,0.0632,0.0633,0.0215,0.0337,0.0453
1978-04-30,0.09029999999999999,0.0774,0.0762,0.1149,0.0611,0.0693
1978-05-31,0.0759,0.0542,0.057699999999999994,0.0203,0.0092,0.0288
1978-06-30,0.0066,0.0011,0.0024,-0.0115,-0.018500000000000003,-0.0103
1978-07-31,0.0695,0.0556,0.0529,0.0716,0.0398,0.0639
1978-08-31,0.08960000000000001,0.0816,0.08380000000000001,0.0344,0.0407,0.0385
1978-09-30,-0.0218,-0.0083,-0.0074,-0.025099999999999997,0.008100000000000001,-0.0083
1978-10-31,-0.23420000000000002,-0.1789,-0.187,-0.09630000000000001,-0.08839999999999999,-0.12869999999999998
1978-11-30,0.0941,0.045599999999999995,0.048499999999999995,0.029300000000000003,0.0325,0.029300000000000003
1978-12-31,0.0349,0.0154,0.0208,0.0287,0.0054,0.008199999999999999
1979-01-31,0.08449999999999999,0.0774,0.08990000000000001,0.0382,0.045599999999999995,0.058899999999999994
1979-02-28,-0.0268,-0.0233,-0.0262,-0.0363,-0.0229,-0.0349
1979-03-31,0.1183,0.0808,0.0886,0.0574,0.0555,0.0784
1979-04-30,0.0174,0.033,0.0278,-0.0003,0.0066,0.0087
1979-05-31,-0.0202,-0.0116,-0.0095,-0.019299999999999998,-0.0143,-0.0075
1979-06-30,0.0594,0.0562,0.053899999999999997,0.0281,0.0558,0.0576
1979-07-31,0.024,0.031200000000000002,0.0406,0.0025,0.018799999999999997,0.0273
1979-08-31,0.09,0.07200000000000001,0.07690000000000001,0.0664,0.057699999999999994,0.0567
1979-09-30,0.013999999999999999,-0.005699999999999999,-0.0181,-0.0118,0.0095,-0.0028000000000000004
1979-10-31,-0.0925,-0.10189999999999999,-0.1148,-0.0666,-0.0579,-0.09480000000000001
1979-11-30,0.1059,0.0693,0.0689,0.0675,0.0547,0.043
1979-12-31,0.0793,0.052199999999999996,0.054000000000000006,0.028900000000000002,0.013600000000000001,0.0217
1980-01-31,0.0836,0.0658,0.0833,0.051699999999999996,0.0613,0.060899999999999996
1980-02-29,0.0027,-0.0286,-0.037200000000000004,-0.028999999999999998,0.0304,-0.0481
1980-03-31,-0.19760000000000003,-0.1588,-0.1684,-0.09480000000000001,-0.1125,-0.0951
1980-04-30,0.0659,0.060899999999999996,0.0582,0.0364,0.0621,0.0388
1980-05-31,0.0791,0.0738,0.0886,0.057699999999999994,0.053899999999999997,0.0692
1980-06-30,0.0475,0.0481,0.0473,0.032,0.0339,0.024399999999999998
1980-07-31,0.1307,0.0946,0.0832,0.10369999999999999,0.0492,0.0451
1980-08-31,0.0859,0.0471,0.037599999999999995,0.0217,0.0116,0.022000000000000002
1980-09-30,0.048499999999999995,0.0285,0.0239,0.0421,0.0256,0.018500000000000003
1980-10-31,0.0579,0.028300000000000002,0.0259,0.0168,0.018799999999999997,0.020099999999999996
1980-11-30,0.115,0.0487,0.0394,0.12140000000000001,0.10289999999999999,0.11810000000000001
1980-12-31,-0.055,-0.018000000000000002,-0.0039000000000000003,-0.0226,-0.026600000000000002,-0.0483
1981-01-31,-0.0356,0.0109,0.010700000000000001,-0.0645,-0.0363,-0.0369
1981-02-28,-0.0016,0.0195,0.0208,0.0239,0.0218,0.011200000000000002
1981-03-31,0.0808,0.0821,0.0719,0.045,0.042300000000000004,0.0348
1981-04-30,0.0253,0.0344,0.04190000000000001,-0.024700000000000003,-0.0245,0.0023
1981-05-31,0.0479,0.0273,0.0217,0.013000000000000001,0.0058,-0.0006
1981-06-30,-0.0518,0.0023,0.0179,-0.039,0.0127,0.011200000000000002
1981-07-31,-0.0256,-0.0217,-0.0187,0.0116,-0.002,-0.0031
1981-08-31,-0.1016,-0.057300000000000004,-0.0455,-0.0696,-0.0592,-0.0336
1981-09-30,-0.107,-0.0621,-0.0452,-0.0689,-0.0574,-0.0308
1981-10-31,0.10339999999999999,0.07,0.062,0.0784,0.0645,0.0407
1981-11-30,0.0101,0.045,0.053899999999999997,0.0454,0.042800000000000005,0.0509
1981-12-31,-0.022099999999999998,-0.0075,-0.009399999999999999,-0.031200000000000002,-0.0242,-0.0344
1982-01-31,-0.047599999999999996,-0.0305,-0.020099999999999996,-0.023799999999999998,-0.029300000000000003,-0.009399999999999999
1982-02-28,-0.0757,-0.032400000000000005,-0.0102,-0.0748,-0.05,-0.0195
1982-03-31,-0.026000000000000002,-0.0009,0.008,-0.0311,-0.0005,0.008100000000000001
1982-04-30,0.0639,0.0587,0.0458,0.0664,0.042300000000000004,0.018600000000000002
1982-05-31,-0.0359,-0.0177,-0.019299999999999998,-0.0405,-0.0321,-0.0147
1982-06-30,-0.043,-0.016,-0.0128,-0.0327,-0.0048,-0.024
1982-07-31,-0.0217,0.0006,-0.0137,-0.0048,-0.0252,-0.0408
1982-08-31,0.0837,0.08039999999999999,0.0891,0.1207,0.1215,0.1336
1982-09-30,0.028300000000000002,0.042199999999999994,0.058899999999999994,0.0194,0.0123,0.0161
1982-10-31,0.1616,0.1244,0.1144,0.1325,0.11289999999999999,0.09210000000000002
1982-11-30,0.1009,0.0834,0.079,0.07440000000000001,0.0397,0.0197
1982-12-31,0.0138,0.0161,0.0034999999999999996,0.0182,0.0022,0.0195
1983-01-31,0.1001,0.0481,0.049100000000000005,0.0285,0.0425,0.037200000000000004
1983-02-28,0.053099999999999994,0.061500000000000006,0.057999999999999996,0.0282,0.0253,0.0352
1983-03-31,0.0288,0.057300000000000004,0.0635,0.0274,0.032400000000000005,0.042300000000000004
1983-04-30,0.07719999999999999,0.073,0.0788,0.0644,0.0748,0.0757
1983-05-31,0.0832,0.0567,0.0406,0.0037,-0.005699999999999999,0.0028000000000000004
1983-06-30,0.056299999999999996,0.0467,0.0277,0.057800000000000004,0.0327,0.0103
1983-07-31,-0.054400000000000004,-0.013300000000000001,0.0231,-0.051,-0.0339,-0.020099999999999996
1983-08-31,-0.05,-0.0246,0.0005,-0.015700000000000002,0.0064,0.0393
1983-09-30,0.0127,0.0271,0.0384,0.0183,0.0254,0.006500000000000001
1983-10-31,-0.08310000000000001,-0.044800000000000006,-0.025699999999999997,-0.0492,-0.0075,-0.0073
1983-11-30,0.0599,0.045,0.0368,0.0387,0.0219,0.0143
1983-12-31,-0.0269,-0.0031,-0.0023,-0.0144,-0.006999999999999999,-0.0064
1984-01-31,-0.042699999999999995,-0.011200000000000002,0.013000000000000001,-0.0587,-0.028900000000000002,0.049800000000000004
1984-02-29,-0.0695,-0.047,-0.034300000000000004,-0.0576,-0.042699999999999995,-0.009000000000000001
1984-03-31,0.0033,0.0115,0.0222,0.011899999999999999,0.025,-0.0042
1984-04-30,-0.014499999999999999,0.017,-0.0025,0.0070999999999999995,0.0032,0.0172
1984-05-31,-0.0579,-0.041100000000000005,-0.0441,-0.0644,-0.0426,-0.046
1984-06-30,0.0368,0.0365,0.0163,0.0441,0.0285,0.025099999999999997
1984-07-31,-0.0556,-0.0304,-0.0083,-0.018600000000000002,-0.0075,-0.021400000000000002
1984-08-31,0.1384,0.1099,0.08869999999999999,0.1241,0.1082,0.1105
1984-09-30,-0.0331,0.0121,0.0346,-0.0378,-0.0088,0.0342
1984-10-31,-0.0274,-0.0064,0.0285,-0.006,0.0060999999999999995,0.0102
1984-11-30,-0.038599999999999995,-0.0173,0.0168,-0.0259,-0.0116,0.003
1984-12-31,0.0199,0.0246,0.026099999999999998,0.0226,0.027000000000000003,0.0264
1985-01-31,0.14150000000000001,0.1185,0.0873,0.11,0.0861,0.0581
1985-02-28,0.024,0.0353,0.0184,-0.0042,0.019,0.0264
1985-03-31,-0.0391,-0.0098,0.0152,-0.0329,-0.0021,0.0184
1985-04-30,-0.0246,-0.0013,0.0255,-0.0182,-0.010700000000000001,0.0159
1985-05-31,0.0347,0.05,0.0434,0.0611,0.0718,0.050199999999999995
1985-06-30,0.0053,0.020099999999999996,0.0513,0.0227,0.0109,0.0208
1985-07-31,0.029500000000000002,0.0277,0.0096,-0.01,0.006500000000000001,-0.0231
1985-08-31,-0.019299999999999998,-0.0077,0.0106,-0.0126,-0.0074,0.006500000000000001
1985-09-30,-0.0717,-0.04650000000000001,-0.0342,-0.0426,-0.0277,-0.0403
1985-10-31,0.0282,0.0362,0.0483,0.049699999999999994,0.0425,0.058499999999999996
1985-11-30,0.0817,0.0676,0.0702,0.0873,0.0765,0.050199999999999995
1985-12-31,0.0473,0.0436,0.0429,0.0424,0.050300000000000004,0.0454
1986-01-31,0.0179,0.0167,0.030600000000000002,0.0091,0.001,0.0178
1986-02-28,0.06269999999999999,0.07429999999999999,0.09480000000000001,0.08710000000000001,0.0698,0.0837
1986-03-31,0.0368,0.054900000000000004,0.051500000000000004,0.0547,0.057699999999999994,0.0557
1986-04-30,0.0236,0.011000000000000001,0.0129,-0.0046,-0.0014000000000000002,-0.028300000000000002
1986-05-31,0.0342,0.04769999999999999,0.0437,0.0643,0.051699999999999996,0.049800000000000004
1986-06-30,-0.0031,0.0064,0.024900000000000002,0.0146,0.0172,0.0241
1986-07-31,-0.10640000000000001,-0.0861,-0.047400000000000005,-0.0643,-0.0703,-0.0227
1986-08-31,0.028399999999999998,0.040999999999999995,0.029300000000000003,0.06269999999999999,0.0625,0.0852
1986-09-30,-0.0751,-0.0572,-0.052199999999999996,-0.1016,-0.08220000000000001,-0.08039999999999999
1986-10-31,0.042699999999999995,0.0311,0.0287,0.0729,0.051699999999999996,0.0461
1986-11-30,0.0024,0.003,0.0015,0.024300000000000002,0.0223,0.0124
1986-12-31,-0.0286,-0.0159,-0.0275,-0.0187,-0.0333,-0.028300000000000002
1987-01-31,0.1274,0.1099,0.0908,0.1606,0.1233,0.1195
1987-02-28,0.0895,0.066,0.0603,0.07919999999999999,0.053899999999999997,0.0021
1987-03-31,0.009899999999999999,0.0222,0.0245,0.0202,0.0275,0.011699999999999999
1987-04-30,-0.0366,-0.0304,-0.0408,-0.0126,-0.0123,-0.020099999999999996
1987-05-31,0.0038,-0.0004,-0.011000000000000001,0.019799999999999998,0.0049,-0.0015
1987-06-30,0.0175,0.0418,0.029900000000000003,0.043,0.049800000000000004,0.053099999999999994
1987-07-31,0.026099999999999998,0.040999999999999995,0.0262,0.0495,0.0493,0.0225
1987-08-31,0.0336,0.0365,0.044500000000000005,0.0438,0.04190000000000001,0.046799999999999994
1987-09-30,-0.0192,-0.0176,-0.0189,-0.0204,-0.025099999999999997,-0.0274
1987-10-31,-0.3151,-0.28309999999999996,-0.2506,-0.2304,-0.2165,-0.1764
1987-11-30,-0.059699999999999996,-0.0467,-0.0297,-0.08929999999999999,-0.0782,-0.0681
1987-12-31,0.09630000000000001,0.0836,0.0506,0.08789999999999999,0.0812,0.0388
1988-01-31,0.020499999999999997,0.0378,0.0546,0.0141,0.0416,0.0911
1988-02-29,0.07919999999999999,0.09140000000000001,0.0682,0.0546,0.053200000000000004,0.0245
1988-03-31,0.0388,0.038,0.0248,-0.0277,-0.0259,-0.0319
1988-04-30,0.018500000000000003,0.0161,0.016200000000000003,-0.004,0.0129,0.01
1988-05-31,-0.0276,-0.016,-0.0098,0.0,0.0006,0.0264
1988-06-30,0.0824,0.0739,0.0602,0.050199999999999995,0.048499999999999995,0.0542
1988-07-31,-0.0256,-0.006500000000000001,0.006500000000000001,-0.0152,-0.0034000000000000002,-0.0051
1988-08-31,-0.0347,-0.0192,-0.0197,-0.026600000000000002,-0.031400000000000004,-0.0196
1988-09-30,0.030699999999999998,0.028900000000000002,0.030600000000000002,0.0496,0.0374,0.0406
1988-10-31,-0.013999999999999999,-0.0009,0.0013,0.0125,0.0316,0.0204
1988-11-30,-0.028999999999999998,-0.0235,-0.0363,-0.0132,-0.015600000000000001,-0.0204
1988-12-31,0.047,0.0329,0.0364,0.0242,0.019799999999999998,0.008100000000000001
1989-01-31,0.0406,0.0355,0.057300000000000004,0.0701,0.0708,0.0611
1989-02-28,0.0067,0.006999999999999999,0.0123,-0.024900000000000002,-0.021,-0.0149
1989-03-31,0.0256,0.030600000000000002,0.0239,0.0231,0.021099999999999997,0.0138
1989-04-30,0.0508,0.042,0.0473,0.0652,0.049699999999999994,0.0358
1989-05-31,0.04650000000000001,0.0378,0.04190000000000001,0.0541,0.029900000000000003,0.0444
1989-06-30,-0.031400000000000004,-0.0029,-0.0040999999999999995,-0.0149,-0.002,0.0042
1989-07-31,0.048,0.0401,0.0355,0.0968,0.083,0.07150000000000001
1989-08-31,0.0155,0.0338,0.0393,0.0124,0.015600000000000001,0.041100000000000005
1989-09-30,0.0049,0.0011,0.0111,0.006,-0.0070999999999999995,-0.0058
1989-10-31,-0.0512,-0.0481,-0.0675,-0.0246,-0.0171,-0.041100000000000005
1989-11-30,0.0102,0.0021,0.0011,0.0264,0.024399999999999998,-0.0004
1989-12-31,0.003,0.008,-0.0183,0.0137,0.029500000000000002,0.0087
1990-01-31,-0.0904,-0.07730000000000001,-0.08560000000000001,-0.0736,-0.065,-0.0719
1990-02-28,0.03,0.0298,0.0239,0.013000000000000001,0.0085,0.0281
1990-03-31,0.0454,0.0374,0.0277,0.032799999999999996,0.026600000000000002,0.0058
1990-04-30,-0.027200000000000002,-0.0302,-0.0404,-0.0141,-0.021400000000000002,-0.0452
1990-05-31,0.08109999999999999,0.0601,0.055099999999999996,0.1176,0.0894,0.0793
1990-06-30,0.0146,0.0063,-0.011200000000000002,0.009899999999999999,-0.004699999999999999,-0.0209
1990-07-31,-0.0403,-0.0315,-0.0487,-0.0053,-0.0054,-0.0146
1990-08-31,-0.1362,-0.12689999999999999,-0.1231,-0.0789,-0.0934,-0.10310000000000001
1990-09-30,-0.0934,-0.07629999999999999,-0.099,-0.0526,-0.0327,-0.0757
1990-10-31,-0.06559999999999999,-0.0352,-0.068,0.0039000000000000003,-0.0060999999999999995,-0.0209
1990-11-30,0.08689999999999999,0.063,0.0745,0.0638,0.0655,0.0793
1990-12-31,0.0374,0.0431,0.0512,0.0215,0.036000000000000004,0.0353
1991-01-31,0.09359999999999999,0.0771,0.085,0.038599999999999995,0.0471,0.0688
1991-02-28,0.1051,0.1007,0.1193,0.0757,0.0655,0.0725
1991-03-31,0.0754,0.0567,0.053099999999999994,0.036000000000000004,0.019799999999999998,0.0207
1991-04-30,-0.0048,0.0067,0.0264,-0.0014000000000000002,-0.0011,0.012
1991-05-31,0.0392,0.048799999999999996,0.036699999999999997,0.0365,0.0415,0.051500000000000004
1991-06-30,-0.0466,-0.032799999999999996,-0.031400000000000004,-0.04019999999999999,-0.0451,-0.049400000000000006
1991-07-31,0.0431,0.0302,0.0362,0.0635,0.0341,0.0547
1991-08-31,0.0403,0.0326,0.0353,0.0319,0.022000000000000002,0.033
1991-09-30,0.0087,-0.0028000000000000004,0.005600000000000001,-0.0278,-0.0068000000000000005,0.0013
1991-10-31,0.0196,0.0177,0.009300000000000001,0.0178,0.0102,0.027200000000000002
1991-11-30,-0.048,-0.0353,-0.0393,-0.014199999999999999,-0.0453,-0.0542
1991-12-31,0.094,0.0848,0.0736,0.1388,0.0974,0.11699999999999999
1992-01-31,0.0602,0.0672,0.0971,-0.0246,-0.0169,0.0091
1992-02-29,0.011200000000000002,0.0319,0.0435,-0.0002,0.011899999999999999,0.0311
1992-03-31,-0.0525,-0.0208,-0.0073,-0.0313,-0.013999999999999999,-0.0146
1992-04-30,-0.0359,-0.0285,-0.0184,0.0012,0.0405,0.022099999999999998
1992-05-31,0.0032,0.0016,0.008100000000000001,0.009899999999999999,0.0038,0.0083
1992-06-30,-0.050199999999999995,-0.0432,-0.026600000000000002,-0.029900000000000003,-0.0113,-0.006999999999999999
1992-07-31,0.032400000000000005,0.0365,0.0347,0.0429,0.0475,0.0455
1992-08-31,-0.029500000000000002,-0.021400000000000002,-0.0141,-0.0096,-0.014499999999999999,-0.0235
1992-09-30,0.017,0.020099999999999996,0.0229,0.01,0.0158,0.0271
1992-10-31,0.054000000000000006,0.030600000000000002,0.0183,0.027000000000000003,0.0031,0.0101
1992-11-30,0.09269999999999999,0.07139999999999999,0.06559999999999999,0.037599999999999995,0.0304,0.0414
1992-12-31,0.0338,0.0346,0.0434,0.004699999999999999,0.0169,0.0403
1993-01-31,0.016399999999999998,0.0394,0.0504,-0.002,-0.0033,0.022799999999999997
1993-02-28,-0.051,-0.02,0.006999999999999999,-0.009000000000000001,0.0092,0.028900000000000002
1993-03-31,0.030899999999999997,0.022000000000000002,0.030699999999999998,0.0181,0.0262,0.030899999999999997
1993-04-30,-0.0356,-0.035,-0.0225,-0.0438,-0.0236,-0.0248
1993-05-31,0.0684,0.0443,0.013500000000000002,0.0403,0.0242,0.013300000000000001
1993-06-30,0.0091,0.0096,0.004,-0.013500000000000002,0.0062,0.0252
1993-07-31,0.0063,0.011399999999999999,0.0222,-0.0109,-0.010700000000000001,0.011899999999999999
1993-08-31,0.045700000000000005,0.0392,0.0344,0.0398,0.0354,0.0363
1993-09-30,0.0355,0.0192,0.027999999999999997,0.001,-0.0055000000000000005,0.0037
1993-10-31,0.030299999999999997,0.0155,0.0154,0.022099999999999998,0.018000000000000002,-0.0171
1993-11-30,-0.0274,-0.0227,-0.0317,-0.0040999999999999995,-0.0111,-0.0331
1993-12-31,0.036000000000000004,0.050199999999999995,0.025099999999999997,0.0108,0.019299999999999998,0.0172
1994-01-31,0.024700000000000003,0.0215,0.0242,0.0322,0.029900000000000003,0.0233
1994-02-28,-0.0001,0.0106,-0.0068000000000000005,-0.0074,-0.027999999999999997,-0.0334
1994-03-31,-0.061,-0.0449,-0.0401,-0.044199999999999996,-0.044000000000000004,-0.0358
1994-04-30,0.0034999999999999996,0.0066,0.008100000000000001,0.0070999999999999995,0.0123,0.0139
1994-05-31,-0.0252,-0.0134,0.0025,0.011000000000000001,0.0165,0.011699999999999999
1994-06-30,-0.0356,-0.026000000000000002,-0.011200000000000002,-0.035,-0.0194,-0.0239
1994-07-31,0.0181,0.0148,0.0154,0.0366,0.0315,0.029300000000000003
1994-08-31,0.0791,0.045700000000000005,0.042300000000000004,0.051699999999999996,0.0382,0.0308
1994-09-30,0.0059,0.0006,-0.0022,-0.014199999999999999,-0.0171,-0.049400000000000006
1994-10-31,0.0172,0.0018,-0.018600000000000002,0.0248,0.0175,0.0204
1994-11-30,-0.0333,-0.0325,-0.0361,-0.0382,-0.029900000000000003,-0.0395
1994-12-31,0.0158,0.0215,0.0137,0.0088,0.0232,0.005699999999999999
1995-01-31,-0.0139,-0.0001,0.0105,0.0204,0.024900000000000002,0.0391
1995-02-28,0.0417,0.0362,0.0414,0.0336,0.0393,0.0518
1995-03-31,0.0323,0.015300000000000001,0.011399999999999999,0.0362,0.024,0.0183
1995-04-30,0.0194,0.025099999999999997,0.0245,0.0148,0.0262,0.038900000000000004
1995-05-31,0.0097,0.008,0.0313,0.0269,0.039599999999999996,0.0604
1995-06-30,0.0739,0.0387,0.035,0.0406,0.016399999999999998,0.025099999999999997
1995-07-31,0.0696,0.0513,0.053200000000000004,0.04650000000000001,0.0337,0.0346
1995-08-31,0.0183,0.0158,0.0398,0.0013,0.0011,0.0332
1995-09-30,0.0208,0.021400000000000002,0.019299999999999998,0.031,0.0444,0.0516
1995-10-31,-0.0555,-0.0381,-0.0339,-0.0077,0.0058,-0.0194
1995-11-30,0.0424,0.030299999999999997,0.034300000000000004,0.045,0.0426,0.049699999999999994
1995-12-31,0.0226,0.0232,0.0147,-0.0004,0.0225,0.021400000000000002
1996-01-31,-0.0128,-0.0062,0.0102,0.0208,0.0371,0.032400000000000005
1996-02-29,0.048600000000000004,0.0217,0.0282,0.022000000000000002,0.0103,0.015600000000000001
1996-03-31,0.027999999999999997,0.0296,0.0279,0.0143,0.0067,0.0115
1996-04-30,0.08990000000000001,0.0355,0.0369,0.0281,0.0139,0.0039000000000000003
1996-05-31,0.0557,0.0432,0.0406,0.0231,0.0255,0.0208
1996-06-30,-0.05,-0.0197,-0.015700000000000002,-0.009300000000000001,0.0060999999999999995,0.0009
1996-07-31,-0.1117,-0.054299999999999994,-0.0579,-0.0592,-0.0462,-0.0235
1996-08-31,0.065,0.0473,0.0564,0.029900000000000003,0.020499999999999997,0.0401
1996-09-30,0.0487,0.0322,0.031400000000000004,0.0625,0.051100000000000007,0.0479
1996-10-31,-0.0316,0.0009,0.0085,0.003,0.0269,0.046799999999999994
1996-11-30,0.0278,0.039900000000000005,0.0588,0.0645,0.0739,0.0907
1996-12-31,0.011399999999999999,0.026000000000000002,0.0275,-0.0155,-0.0128,-0.0232
1997-01-31,0.0346,0.020499999999999997,0.0331,0.0603,0.057800000000000004,0.0571
1997-02-28,-0.060700000000000004,0.0034000000000000002,0.013000000000000001,-0.0091,0.0121,0.0167
1997-03-31,-0.0593,-0.029500000000000002,-0.028900000000000002,-0.0559,-0.032,-0.0504
1997-04-30,-0.016,0.0134,-0.0016,0.0647,0.0473,0.0542
1997-05-31,0.1425,0.09519999999999999,0.08800000000000001,0.0728,0.0608,0.0542
1997-06-30,0.0506,0.0536,0.0665,0.0397,0.0392,0.0482
1997-07-31,0.0516,0.054400000000000004,0.0637,0.0692,0.08130000000000001,0.09179999999999999
1997-08-31,0.0331,0.0363,0.0245,-0.059699999999999996,-0.040999999999999995,-0.0352
1997-09-30,0.073,0.0783,0.0872,0.047599999999999996,0.0509,0.0698
1997-10-31,-0.051500000000000004,-0.0304,-0.024,-0.0317,-0.037000000000000005,-0.023399999999999997
1997-11-30,-0.023,-0.0009,0.0058,0.04190000000000001,0.046900000000000004,0.0354
1997-12-31,-0.009300000000000001,0.017,0.0317,0.0091,0.0209,0.0475
1998-01-31,-0.014499999999999999,-0.0113,-0.0137,0.019,0.01,-0.0246
1998-02-28,0.0852,0.0698,0.0725,0.079,0.069,0.08039999999999999
1998-03-31,0.048600000000000004,0.039900000000000005,0.0432,0.056600000000000004,0.0391,0.0665
1998-04-30,0.0143,0.0103,0.022000000000000002,0.0163,0.0092,0.0066
1998-05-31,-0.0704,-0.038900000000000004,-0.031400000000000004,-0.027999999999999997,-0.0183,-0.0078000000000000005
1998-06-30,0.0134,-0.0058,-0.0040999999999999995,0.0647,0.0292,0.0134
1998-07-31,-0.0825,-0.0646,-0.0682,-0.0229,0.0036,-0.034300000000000004
1998-08-31,-0.2227,-0.17079999999999998,-0.16690000000000002,-0.1442,-0.1462,-0.17379999999999998
1998-09-30,0.0891,0.0385,0.024300000000000002,0.0642,0.0724,0.025099999999999997
1998-10-31,0.038,0.0352,0.0391,0.0761,0.07719999999999999,0.08259999999999999
1998-11-30,0.0739,0.0526,0.0444,0.0649,0.0596,0.052199999999999996
1998-12-31,0.0571,0.0412,0.0274,0.0785,0.055999999999999994,0.0060999999999999995
1999-01-31,0.0269,-0.0167,-0.0004,0.050199999999999995,0.0089,0.020499999999999997
1999-02-28,-0.095,-0.064,-0.081,-0.036000000000000004,-0.0409,-0.0147
1999-03-31,0.0044,-0.0166,-0.0326,0.0435,0.0125,0.0475
1999-04-30,0.0968,0.0872,0.0904,0.0085,0.0768,0.0797
1999-05-31,0.0151,0.024,0.0373,-0.024300000000000002,-0.008100000000000001,-0.0203
1999-06-30,0.0876,0.052199999999999996,0.0429,0.0705,0.0377,0.017
1999-07-31,-0.011399999999999999,-0.009000000000000001,-0.0019,-0.027999999999999997,-0.0391,-0.0481
1999-08-31,-0.0335,-0.0323,-0.0385,0.0029,-0.0368,-0.032
1999-09-30,0.0128,-0.0138,-0.0203,-0.0236,-0.0361,-0.050499999999999996
1999-10-31,-0.0055000000000000005,-0.0181,-0.021099999999999997,0.0643,0.0727,0.0709
1999-11-30,0.11220000000000001,0.0342,0.0352,0.040999999999999995,-0.027000000000000003,-0.0131
1999-12-31,0.1459,0.037000000000000005,0.044800000000000006,0.0823,0.0009,0.047400000000000005
2000-01-31,-0.0088,-0.0227,-0.048600000000000004,-0.0487,-0.038599999999999995,-0.08539999999999999
2000-02-29,0.188,0.06,0.0431,0.008100000000000001,-0.07400000000000001,-0.0584
2000-03-31,-0.0809,0.020099999999999996,0.0255,0.0959,0.107,0.1607
2000-04-30,-0.1058,-0.014499999999999999,-0.009899999999999999,-0.0397,-0.0121,0.0091
2000-05-31,-0.0754,-0.027999999999999997,-0.0252,-0.0335,0.0195,-0.0155
2000-06-30,0.12240000000000001,0.0783,0.028300000000000002,0.05,-0.0669,-0.018500000000000003
2000-07-31,-0.0407,0.026099999999999998,0.0239,-0.028999999999999998,0.054000000000000006,0.0506
2000-08-31,0.078,0.0513,0.0625,0.0608,0.095,0.09759999999999999
2000-09-30,-0.042199999999999994,0.003,-0.0076,-0.060899999999999996,0.0011,0.048799999999999996
2000-10-31,-0.0418,-0.0029,-0.0015,-0.0154,0.0147,0.0204
2000-11-30,-0.11220000000000001,-0.018600000000000002,-0.012199999999999999,-0.0942,-0.0279,-0.030899999999999997
2000-12-31,0.0626,0.0781,0.0965,-0.015600000000000001,0.0882,0.1042
2001-01-31,0.0943,0.0449,0.049100000000000005,0.0393,0.0058,0.015600000000000001
2001-02-28,-0.0705,-0.0034000000000000002,0.0091,-0.1054,-0.0329,0.0063
2001-03-31,-0.0462,-0.006999999999999999,-0.018799999999999997,-0.0775,-0.029300000000000003,-0.0096
2001-04-30,0.0872,0.0473,0.0553,0.0889,0.050300000000000004,0.0479
2001-05-31,0.0527,0.039900000000000005,0.039900000000000005,0.0,0.0353,0.0229
2001-06-30,0.055,0.050300000000000004,0.0455,-0.0209,-0.0155,-0.0025
2001-07-31,-0.0537,-0.025099999999999997,0.0001,-0.012,-0.0067,0.0052
2001-08-31,-0.0562,-0.006999999999999999,-0.005699999999999999,-0.0693,-0.0418,-0.0558
2001-09-30,-0.1465,-0.109,-0.1353,-0.083,-0.0666,-0.1243
2001-10-31,0.0779,0.0415,0.0455,0.0322,0.005699999999999999,0.021099999999999997
2001-11-30,0.0725,0.0604,0.0788,0.08039999999999999,0.0635,0.0858
2001-12-31,0.07919999999999999,0.0605,0.059800000000000006,0.0009,0.028300000000000002,0.0278
2002-01-31,-0.0207,0.013000000000000001,0.022799999999999997,-0.0111,-0.0033,-0.0073
2002-02-28,-0.0496,0.0008,0.013500000000000002,-0.0191,-0.018600000000000002,-0.011000000000000001
2002-03-31,0.0933,0.07730000000000001,0.0875,0.0279,0.0489,0.07719999999999999
2002-04-30,-0.0011,0.038599999999999995,0.057300000000000004,-0.0599,-0.0554,-0.0053
2002-05-31,-0.041299999999999996,-0.0318,-0.026099999999999998,-0.016399999999999998,-0.0016,0.0143
2002-06-30,-0.0655,-0.0178,-0.0192,-0.0693,-0.0759,-0.059500000000000004
2002-07-31,-0.1568,-0.1128,-0.1321,-0.0682,-0.07440000000000001,-0.062
2002-08-31,0.0019,0.005699999999999999,0.014499999999999999,0.0008,0.0104,0.0181
2002-09-30,-0.0741,-0.0444,-0.0535,-0.09699999999999999,-0.1033,-0.1177
2002-10-31,0.0508,0.0204,0.0121,0.09570000000000001,0.0739,0.04
2002-11-30,0.0935,0.0513,0.0406,0.0508,0.0424,0.0206
2002-12-31,-0.061,-0.0213,-0.0154,-0.06709999999999999,-0.0361,0.0015
2003-01-31,-0.022400000000000003,-0.024900000000000002,-0.0187,-0.029300000000000003,-0.025699999999999997,-0.028999999999999998
2003-02-28,-0.043899999999999995,-0.0301,-0.0146,-0.011699999999999999,-0.028999999999999998,-0.014199999999999999
2003-03-31,0.0092,0.0073,0.0106,0.0242,0.009399999999999999,-0.0095
2003-04-30,0.09789999999999999,0.0788,0.08460000000000001,0.0771,0.0784,0.0695
2003-05-31,0.11220000000000001,0.0675,0.078,0.0416,0.0513,0.0964
2003-06-30,0.0259,0.024900000000000002,0.027999999999999997,0.015300000000000001,0.0123,0.0025
2003-07-31,0.0712,0.053200000000000004,0.0473,0.0311,0.0111,0.0012
2003-08-31,0.053099999999999994,0.0344,0.033,0.028300000000000002,0.0051,0.015
2003-09-30,-0.0253,-0.0146,-0.0019,-0.020499999999999997,-0.0011,0.0045000000000000005
2003-10-31,0.0839,0.0801,0.08710000000000001,0.054299999999999994,0.05,0.0722
2003-11-30,0.039,0.04,0.0336,0.0067,0.015700000000000002,0.0212
2003-12-31,0.0213,0.0183,0.0334,0.045899999999999996,0.0464,0.047400000000000005
2004-01-31,0.0288,0.021,0.0349,0.0088,0.023700000000000002,0.0124
2004-02-29,-0.0012,0.023399999999999997,0.0271,0.0169,0.018000000000000002,0.0204
2004-03-31,0.006,0.0171,0.0166,-0.0139,-0.0111,-0.009000000000000001
2004-04-30,-0.0325,-0.019299999999999998,-0.0349,-0.0001,-0.02,-0.0273
2004-05-31,0.0216,0.0070999999999999995,0.0031,0.014499999999999999,0.0087,0.0039000000000000003
2004-06-30,0.049400000000000006,0.051699999999999996,0.04650000000000001,0.0181,0.0129,0.0265
2004-07-31,-0.0803,-0.0354,-0.0375,-0.055,-0.024700000000000003,-0.0088
2004-08-31,-0.022400000000000003,0.0044,0.0068000000000000005,-0.0106,0.0095,0.022099999999999998
2004-09-30,0.0592,0.0375,0.0453,0.015,0.0044,0.0182
2004-10-31,0.024700000000000003,0.021099999999999997,0.0159,0.0177,0.0075,0.0167
2004-11-30,0.0874,0.08220000000000001,0.0882,0.035699999999999996,0.0424,0.047
2004-12-31,0.0379,0.018799999999999997,0.0341,0.0327,0.039599999999999996,0.030899999999999997
2005-01-31,-0.0382,-0.0246,-0.0194,-0.0393,-0.0118,-0.0063
2005-02-28,0.0258,0.0126,0.0217,0.012199999999999999,0.0126,0.049100000000000005
2005-03-31,-0.0178,-0.0241,-0.018600000000000002,-0.013999999999999999,-0.006999999999999999,-0.0265
2005-04-30,-0.06509999999999999,-0.0487,-0.0458,-0.0166,-0.0263,-0.013500000000000002
2005-05-31,0.0665,0.0602,0.0621,0.049699999999999994,0.022400000000000003,0.028900000000000002
2005-06-30,0.0301,0.0373,0.0513,-0.0111,0.0027,0.025699999999999997
2005-07-31,0.0716,0.0546,0.0591,0.0559,0.0332,0.0265
2005-08-31,-0.015300000000000001,-0.0192,-0.0233,-0.0111,-0.0131,0.0004
2005-09-30,0.004699999999999999,-0.0028000000000000004,0.0169,0.0025,0.0026,0.0245
2005-10-31,-0.036699999999999997,-0.010700000000000001,-0.0391,-0.0038,-0.0132,-0.028300000000000002
2005-11-30,0.0521,0.042,0.0421,0.0433,0.038599999999999995,0.0341
2005-12-31,-0.0007000000000000001,-0.0074,-0.0048,-0.0009,-0.0001,0.0023
2006-01-31,0.08039999999999999,0.0771,0.0839,0.0344,0.009899999999999999,0.042
2006-02-28,-0.011399999999999999,0.0009,-0.0174,-0.0072,0.0132,-0.006500000000000001
2006-03-31,0.0557,0.0455,0.0475,0.016200000000000003,0.0098,0.0168
2006-04-30,-0.0021,0.0073,0.0183,-0.002,0.0088,0.0304
2006-05-31,-0.0576,-0.038900000000000004,-0.04769999999999999,-0.0335,-0.020499999999999997,-0.0277
2006-06-30,-0.0021,0.0042,0.008,-0.0005,-0.0039000000000000003,0.0108
2006-07-31,-0.046,-0.0189,-0.029500000000000002,-0.0219,0.002,0.0222
2006-08-31,0.0337,0.021400000000000002,0.0187,0.0342,0.0315,0.0023
2006-09-30,0.011399999999999999,0.0179,0.0113,0.019799999999999998,0.0344,0.013500000000000002
2006-10-31,0.0536,0.051100000000000007,0.0484,0.0365,0.0304,0.0354
2006-11-30,0.0276,0.0222,0.0358,0.0181,0.0146,0.030299999999999997
2006-12-31,0.0027,0.0102,0.0158,0.0040999999999999995,0.0152,0.0183
2007-01-31,0.017,0.0105,0.019299999999999998,0.0286,0.0166,0.006999999999999999
2007-02-28,0.0029,-0.0064,-0.009300000000000001,-0.0155,-0.015700000000000002,-0.0223
2007-03-31,0.0206,0.0087,0.0103,0.009000000000000001,0.0069,0.019299999999999998
2007-04-30,0.0207,0.0158,0.0206,0.042699999999999995,0.0475,0.0383
2007-05-31,0.0464,0.0369,0.0385,0.035699999999999996,0.0296,0.0433
2007-06-30,-0.0074,-0.0046,-0.0264,-0.0165,-0.0151,-0.0199
2007-07-31,-0.0463,-0.06280000000000001,-0.0827,-0.0124,-0.0265,-0.0496
2007-08-31,0.0191,0.029300000000000003,-0.011399999999999999,0.0176,0.0202,0.005
2007-09-30,0.024300000000000002,0.0052,-0.0062,0.051,0.0279,0.0359
2007-10-31,0.0331,0.0138,0.0033,0.0451,0.0194,-0.0036
2007-11-30,-0.06849999999999999,-0.057699999999999994,-0.0709,-0.0425,-0.0231,-0.0623
2007-12-31,0.0019,-0.0182,-0.0025,-0.008199999999999999,-0.008199999999999999,-0.0003
2008-01-31,-0.0866,-0.0471,-0.027999999999999997,-0.0924,-0.0504,-0.0388
2008-02-29,-0.0394,-0.0429,-0.0075,-0.0355,-0.0264,-0.029300000000000003
2008-03-31,-0.0034000000000000002,0.0149,0.004,0.0033,-0.0023,-0.022400000000000003
2008-04-30,0.0435,0.027200000000000002,0.034,0.0451,0.025699999999999997,0.0771
2008-05-31,0.053200000000000004,0.031400000000000004,0.0678,0.035699999999999996,0.021099999999999997,-0.0054
2008-06-30,-0.0758,-0.0971,-0.0406,-0.07980000000000001,-0.0834,-0.08710000000000001
2008-07-31,0.0179,0.0526,0.0454,-0.0091,0.0034000000000000002,-0.0256
2008-08-31,0.050199999999999995,0.0374,0.055099999999999996,0.0124,0.017,0.0128
2008-09-30,-0.098,-0.0562,-0.051500000000000004,-0.1174,-0.08410000000000001,-0.056600000000000004
2008-10-31,-0.2029,-0.16949999999999998,-0.1884,-0.159,-0.1567,-0.1843
2008-11-30,-0.11359999999999999,-0.0964,-0.1243,-0.0827,-0.061900000000000004,-0.0697
2008-12-31,0.052000000000000005,0.0356,0.0687,0.0113,0.0177,0.013999999999999999
2009-01-31,-0.08539999999999999,-0.13019999999999998,-0.1516,-0.056600000000000004,-0.0724,-0.125
2009-02-28,-0.0926,-0.1124,-0.1442,-0.0697,-0.10679999999999999,-0.1355
2009-03-31,0.0907,0.09269999999999999,0.10949999999999999,0.0966,0.0766,0.0922
2009-04-30,0.15869999999999998,0.152,0.20550000000000002,0.0801,0.0913,0.1184
2009-05-31,0.031,0.0075,0.028300000000000002,0.053,0.0362,0.07629999999999999
2009-06-30,0.0528,0.0128,-0.0097,0.0139,0.0042,-0.018799999999999997
2009-07-31,0.07490000000000001,0.09519999999999999,0.115,0.0613,0.07730000000000001,0.0935
2009-08-31,0.0084,0.0258,0.0518,0.0305,0.025699999999999997,0.036699999999999997
2009-09-30,0.0394,0.0558,0.0721,0.0383,0.0325,0.0574
2009-10-31,-0.0519,-0.050300000000000004,-0.0617,-0.021,-0.014199999999999999,-0.0098
2009-11-30,0.024399999999999998,0.021099999999999997,0.032799999999999996,0.0584,0.0575,0.063
2009-12-31,0.0757,0.069,0.077,0.0226,0.0173,0.0398
2010-01-31,-0.037200000000000004,-0.034,-0.024700000000000003,-0.032799999999999996,-0.0344,-0.0405
2010-02-28,0.0361,0.0449,0.0559,0.0316,0.0288,0.0436
2010-03-31,0.0708,0.0738,0.0733,0.0626,0.0518,0.0708
2010-04-30,0.0499,0.059000000000000004,0.0643,-0.0012,0.0168,0.0286
2010-05-31,-0.063,-0.066,-0.0823,-0.06860000000000001,-0.078,-0.09949999999999999
2010-06-30,-0.057699999999999994,-0.0674,-0.09269999999999999,-0.042199999999999994,-0.050499999999999996,-0.07139999999999999
2010-07-31,0.060700000000000004,0.063,0.0632,0.08070000000000001,0.0604,0.0726
2010-08-31,-0.0774,-0.0683,-0.0761,-0.0604,-0.0333,-0.037000000000000005
2010-09-30,0.12869999999999998,0.1168,0.1061,0.1261,0.0776,0.0787
2010-10-31,0.0397,0.045899999999999996,0.0473,0.0528,0.0278,0.046
2010-11-30,0.0362,0.0336,0.03,0.0137,-0.0027,-0.0067
2010-12-31,0.07730000000000001,0.0634,0.0691,0.0635,0.058499999999999996,0.06309999999999999
2011-01-31,-0.0014000000000000002,-0.0097,0.0027,0.025099999999999997,0.0196,0.016399999999999998
2011-02-28,0.0473,0.0548,0.0438,0.030600000000000002,0.0379,0.0274
2011-03-31,0.0321,0.0281,0.0143,0.0040999999999999995,0.0004,0.013300000000000001
2011-04-30,0.026699999999999998,0.0276,0.0202,0.0352,0.0321,0.028999999999999998
2011-05-31,-0.0165,-0.0091,-0.016200000000000003,-0.016399999999999998,-0.0088,-0.0003
2011-06-30,-0.0175,-0.0095,-0.006500000000000001,-0.0204,-0.0134,-0.0073
2011-07-31,-0.039599999999999996,-0.0351,-0.0301,-0.0262,-0.0181,-0.0204
2011-08-31,-0.0875,-0.068,-0.0824,-0.0629,-0.049699999999999994,-0.053899999999999997
2011-09-30,-0.1035,-0.0913,-0.111,-0.08259999999999999,-0.0698,-0.0636
2011-10-31,0.151,0.1495,0.1353,0.1243,0.11220000000000001,0.09910000000000001
2011-11-30,-0.006999999999999999,0.0062,-0.0101,-0.009000000000000001,0.0055000000000000005,-0.0045000000000000005
2011-12-31,-0.0049,0.0132,0.0106,-0.027200000000000002,0.015,0.0178
2012-01-31,0.0672,0.0548,0.0613,0.0681,0.044500000000000005,0.0384
2012-02-29,0.0246,0.0196,0.028399999999999998,0.0421,0.048,0.0407
2012-03-31,0.0291,0.0235,0.023,0.028399999999999998,0.031,0.0304
2012-04-30,-0.0058,-0.013000000000000001,-0.0225,-0.0045000000000000005,-0.0031,-0.011000000000000001
2012-05-31,-0.06709999999999999,-0.0519,-0.061799999999999994,-0.081,-0.0519,-0.060700000000000004
2012-06-30,0.0504,0.035,0.047599999999999996,0.04,0.029900000000000003,0.046
2012-07-31,-0.0223,-0.0088,-0.0118,-0.0024,0.0219,-0.0003
2012-08-31,0.0409,0.026699999999999998,0.0337,0.028999999999999998,0.0195,0.0321
2012-09-30,0.030699999999999998,0.0338,0.028900000000000002,0.0332,0.023799999999999998,0.0246
2012-10-31,-0.0219,-0.0083,-0.011899999999999999,-0.0279,-0.0218,-0.0006
2012-11-30,-0.0018,0.0085,0.0254,0.0225,0.011899999999999999,-0.015
2012-12-31,0.0336,0.0331,0.038,0.016399999999999998,-0.0032,0.0286
2013-01-31,0.0546,0.0596,0.0672,0.0588,0.047599999999999996,0.0638
2013-02-28,0.016200000000000003,0.008199999999999999,0.0123,0.0072,0.0176,0.0108
2013-03-31,0.0509,0.045599999999999995,0.0441,0.042699999999999995,0.0377,0.0388
2013-04-30,-0.0149,-0.0060999999999999995,-0.0042,0.011000000000000001,0.0151,0.0254
2013-05-31,0.0504,0.0435,0.057300000000000004,0.0138,0.0158,0.051500000000000004
2013-06-30,0.0028000000000000004,0.0025,-0.004,-0.0089,-0.013500000000000002,-0.0163
2013-07-31,0.0644,0.066,0.07629999999999999,0.0591,0.045599999999999995,0.0626
2013-08-31,-0.0209,-0.0364,-0.0297,-0.0171,-0.032400000000000005,-0.026699999999999998
2013-09-30,0.0645,0.061,0.060599999999999994,0.0518,0.031400000000000004,0.022099999999999998
2013-10-31,0.0252,0.0378,0.0409,0.0377,0.0493,0.0377
2013-11-30,0.044000000000000004,0.0437,0.056600000000000004,0.0192,0.0297,0.0385
2013-12-31,0.022799999999999997,0.0203,0.0191,0.0323,0.0192,0.0345
2014-01-31,-0.037200000000000004,-0.0388,-0.0521,-0.0173,-0.0327,-0.0553
2014-02-28,0.034300000000000004,0.0453,0.0461,0.048600000000000004,0.045599999999999995,0.0463
2014-03-31,-0.0076,0.014499999999999999,0.0147,-0.0196,0.011899999999999999,0.0285
2014-04-30,-0.0437,-0.0241,-0.0232,-0.0097,0.0062,0.015600000000000001
2014-05-31,0.0043,0.0029,0.0044,0.030699999999999998,0.0176,0.0209
2014-06-30,0.057,0.050300000000000004,0.0424,0.0233,0.0132,0.03
2014-07-31,-0.0636,-0.0542,-0.057,-0.0121,-0.0258,-0.006
2014-08-31,0.039,0.045700000000000005,0.044500000000000005,0.0506,0.0387,0.04
2014-09-30,-0.0446,-0.046799999999999994,-0.056100000000000004,-0.0212,-0.01,-0.0195
2014-10-31,0.06709999999999999,0.0677,0.0642,0.0218,0.0329,0.013999999999999999
2014-11-30,0.0033,-0.0032,0.0086,0.028399999999999998,0.0294,0.0287
2014-12-31,0.0254,0.0192,0.0258,-0.011899999999999999,-0.0001,-0.0014000000000000002
2015-01-31,-0.042,-0.0466,-0.048600000000000004,0.0011,-0.0297,-0.0461
2015-02-28,0.0745,0.0564,0.0567,0.0604,0.058499999999999996,0.060899999999999996
2015-03-31,0.0184,0.0202,0.0232,-0.0049,-0.0151,-0.0184
2015-04-30,-0.0255,-0.0148,-0.021099999999999997,0.0060999999999999995,-0.003,0.021400000000000002
2015-05-31,0.0168,0.014499999999999999,0.0102,0.0192,0.0118,0.0095
2015-06-30,0.0197,0.0177,0.0103,-0.0040999999999999995,-0.0204,-0.0213
2015-07-31,-0.0176,-0.0172,-0.0453,0.030299999999999997,0.0273,-0.015300000000000001
2015-08-31,-0.0613,-0.049100000000000005,-0.0355,-0.0599,-0.059800000000000006,-0.061900000000000004
2015-09-30,-0.0463,-0.023700000000000002,-0.055099999999999996,-0.032,-0.0178,-0.037200000000000004
2015-10-31,0.0557,0.0509,0.0781,0.064,0.0839,0.0774
2015-11-30,0.031,0.0326,0.027000000000000003,0.0096,-0.0019,0.0087
2015-12-31,-0.046,-0.0475,-0.07440000000000001,-0.0102,-0.0169,-0.0364
2016-01-31,-0.077,-0.057699999999999994,-0.08259999999999999,-0.0613,-0.0355,-0.07200000000000001
2016-02-29,0.0134,0.011699999999999999,0.0144,-0.0075,0.0088,-0.0091
2016-03-31,0.0836,0.0768,0.0741,0.0638,0.0678,0.0751
2016-04-30,0.0161,0.0139,0.028900000000000002,0.0078000000000000005,-0.0060999999999999995,0.028900000000000002
2016-05-31,0.0174,0.012,0.0075,0.0204,0.0174,0.0113
2016-06-30,0.0118,0.0023,-0.0147,-0.005699999999999999,0.0074,-0.0146
2016-07-31,0.0479,0.0528,0.06709999999999999,0.0475,0.024,0.0429
2016-08-31,0.012,0.028300000000000002,0.0189,-0.0038,-0.0077,0.0275
2016-09-30,0.0194,-0.004699999999999999,0.0079,0.0043,-0.0045000000000000005,-0.0009
2016-10-31,-0.0489,-0.0232,-0.0378,-0.0206,-0.0242,0.0060999999999999995
2016-11-30,0.1057,0.1446,0.1432,0.0078000000000000005,0.0426,0.084
2016-12-31,0.0197,0.046900000000000004,0.049100000000000005,0.0129,0.0168,0.032400000000000005
2017-01-31,0.0033,-0.0108,-0.012,0.03,0.018000000000000002,0.0076
2017-02-28,0.0167,0.0123,0.0019,0.0356,0.0391,0.049100000000000005
2017-03-31,0.003,0.0008,-0.0072,0.0106,0.0028000000000000004,-0.0103
2017-04-30,0.0108,0.0176,0.019799999999999998,0.022799999999999997,0.015600000000000001,-0.0053
2017-05-31,-0.004699999999999999,-0.0265,-0.034300000000000004,0.027000000000000003,0.0163,0.0
2017-06-30,0.0298,0.0329,0.0332,-0.0059,0.01,0.021
2017-07-31,0.0097,0.0043,0.0055000000000000005,0.027000000000000003,0.016399999999999998,0.016
2017-08-31,-0.0098,-0.0273,-0.0326,0.0017000000000000001,0.006500000000000001,0.006500000000000001
2017-09-30,0.06280000000000001,0.08539999999999999,0.06860000000000001,0.013600000000000001,0.0213,0.024
2017-10-31,0.0089,0.0086,0.0102,0.0298,0.0191,0.0311
2017-11-30,0.0275,0.0375,0.0473,0.020499999999999997,0.0406,0.0424
2017-12-31,-0.0024,-0.0098,0.0067,0.0014000000000000002,0.012,0.015700000000000002
2018-01-31,0.015300000000000001,0.0216,0.0235,0.07980000000000001,0.051699999999999996,0.049
2018-02-28,-0.045899999999999996,-0.0414,-0.031200000000000002,-0.029300000000000003,-0.0391,-0.030699999999999998
2018-03-31,0.0208,0.011200000000000002,0.0144,-0.0163,-0.024399999999999998,-0.0421
2018-04-30,0.0078000000000000005,0.0054,0.0064,0.0233,-0.0144,-0.0042
2018-05-31,0.064,0.058499999999999996,0.0528,0.037599999999999995,0.0204,0.0105
2018-06-30,0.0149,0.0038,0.0263,0.0121,0.0045000000000000005,-0.0031
2018-07-31,0.0298,0.0174,0.015600000000000001,0.0421,0.026600000000000002,0.0489
2018-08-31,0.045,0.022799999999999997,0.013000000000000001,0.046,0.0331,0.0236
2018-09-30,-0.0127,-0.0325,-0.0226,0.0113,0.0021,-0.004699999999999999
2018-10-31,-0.1185,-0.0842,-0.1002,-0.0987,-0.0579,-0.039
2018-11-30,0.0195,0.0242,0.0096,0.0337,0.0052,0.026600000000000002
2018-12-31,-0.12240000000000001,-0.11359999999999999,-0.1204,-0.0837,-0.0926,-0.1041
2019-01-31,0.1125,0.0874,0.1243,0.0724,0.08960000000000001,0.0738
2019-02-28,0.057800000000000004,0.04019999999999999,0.041299999999999996,0.0383,0.0416,0.0128
2019-03-31,-0.020499999999999997,-0.043899999999999995,-0.037000000000000005,0.0346,0.013000000000000001,-0.0085
2019-04-30,0.0349,0.048600000000000004,0.049,0.045700000000000005,0.041100000000000005,0.0464
2019-05-31,-0.08470000000000001,-0.0771,-0.1,-0.0592,-0.0725,-0.065
2019-06-30,0.08529999999999999,0.077,0.0679,0.0676,0.0776,0.0662
2019-07-31,0.013300000000000001,0.010700000000000001,-0.0095,0.0014000000000000002,0.024700000000000003,0.031
2019-08-31,-0.04650000000000001,-0.0516,-0.0791,-0.008100000000000001,-0.0141,-0.06280000000000001
2019-09-30,0.0143,0.0518,0.057800000000000004,0.002,0.0216,0.054000000000000006
2019-10-31,0.0138,0.0366,0.0104,0.016,0.0222,0.0379
2019-11-30,0.0241,0.027200000000000002,0.0392,0.032799999999999996,0.04019999999999999,0.04190000000000001
2019-12-31,0.031,0.030299999999999997,0.036699999999999997,0.0269,0.0297,0.030600000000000002
2020-01-31,-0.023,-0.0535,-0.0747,0.0225,-0.0053,-0.0466
2020-02-29,-0.077,-0.0931,-0.1144,-0.0678,-0.0867,-0.10830000000000001
2020-03-31,-0.1759,-0.2278,-0.3054,-0.0746,-0.1373,-0.2364
2020-04-30,0.1365,0.11800000000000001,0.19140000000000001,0.1346,0.12990000000000002,0.1244
2020-05-31,0.07980000000000001,0.032400000000000005,0.06570000000000001,0.05,0.053899999999999997,0.0356
2020-06-30,0.0362,0.026000000000000002,0.0388,0.025,0.015300000000000001,0.0137
2020-07-31,0.0432,0.0089,0.0048,0.0677,0.0604,0.0297
2020-08-31,0.0496,0.0541,0.0746,0.0755,0.0789,0.0464
2020-09-30,-0.0294,-0.0553,-0.042699999999999995,-0.029300000000000003,-0.0473,-0.025699999999999997
2020-10-31,0.0197,0.0458,0.06559999999999999,-0.0285,-0.0199,-0.017
2020-11-30,0.1773,0.17010000000000003,0.1941,0.08990000000000001,0.113,0.1533
2020-12-31,0.09449999999999999,0.07139999999999999,0.10220000000000001,0.031400000000000004,0.042699999999999995,0.0508
2021-01-31,0.0454,0.0273,0.0449,-0.0101,-0.017,0.0066
2021-02-28,0.0747,0.1128,0.1247,0.0115,0.023799999999999998,0.10039999999999999
2021-03-31,0.0052,0.0553,0.0705,0.0123,0.0591,0.06480000000000001
2021-04-30,0.0235,0.0173,0.0292,0.0579,0.0564,0.0415
2021-05-31,0.009399999999999999,0.0297,0.0339,-0.0067,0.0066,0.0361
2021-06-30,0.035,-0.026000000000000002,-0.0273,0.049800000000000004,0.0173,-0.0278
2021-07-31,-0.0068000000000000005,-0.0008,-0.0171,0.0304,0.0311,-0.008
2021-08-31,0.019299999999999998,0.0137,0.0286,0.0352,0.024900000000000002,0.0415
2021-09-30,-0.0346,-0.0282,-0.0163,-0.0513,-0.053899999999999997,-0.0275
2021-10-31,0.0483,0.0414,0.044199999999999996,0.08810000000000001,0.063,0.042699999999999995
2021-11-30,-0.0212,-0.0116,-0.0034999999999999996,0.0139,-0.0176,-0.0441
2021-12-31,0.0363,0.0506,0.047599999999999996,0.0208,0.0636,0.0447
2022-01-31,-0.095,-0.0701,-0.0435,-0.0803,-0.049,-0.0005
2022-02-28,0.0124,-0.0038,0.0027,-0.0311,-0.0371,-0.0144
2022-03-31,0.0084,0.0021,-0.0226,0.0421,0.0348,0.0009
2022-04-30,-0.0932,-0.06849999999999999,-0.060700000000000004,-0.1229,-0.056299999999999996,-0.0836
2022-05-31,0.004699999999999999,0.0269,0.029500000000000002,-0.0152,-0.003,0.041100000000000005
2022-06-30,-0.06,-0.0581,-0.0916,-0.0818,-0.0604,-0.1117
2022-07-31,0.1075,0.1007,0.1107,0.1383,0.054900000000000004,0.0711
2022-08-31,-0.0291,-0.0416,-0.0371,-0.050199999999999995,-0.0329,-0.0231
2022-09-30,-0.09449999999999999,-0.09210000000000002,-0.09849999999999999,-0.0958,-0.084,-0.0885
2022-10-31,0.1182,0.12390000000000001,0.1294,0.0509,0.0922,0.146
2022-11-30,0.022799999999999997,0.0478,0.0414,0.04,0.067,0.058499999999999996
2022-12-31,-0.060899999999999996,-0.06269999999999999,-0.0596,-0.0774,-0.043,-0.0537
2023-01-31,0.11230000000000001,0.081,0.0909,0.0894,0.0339,0.07139999999999999
2023-02-28,-0.0209,0.0024,-0.0076,-0.011399999999999999,-0.032799999999999996,-0.0337
2023-03-31,-0.0118,-0.050199999999999995,-0.08650000000000001,0.0738,0.0216,-0.049800000000000004
2023-04-30,-0.0171,-0.0296,-0.022799999999999997,0.0111,0.014199999999999999,0.024300000000000002
2023-05-31,0.0064,-0.0072,-0.0429,0.0406,-0.0174,-0.0555
2023-06-30,0.0895,0.0795,0.0984,0.0793,0.0519,0.07150000000000001
2023-07-31,0.05,0.0629,0.0942,0.0204,0.045700000000000005,0.057999999999999996
2023-08-31,-0.0458,-0.0425,-0.0408,-0.0088,-0.024700000000000003,-0.025
2023-09-30,-0.0646,-0.051399999999999994,-0.037200000000000004,-0.0489,-0.0478,-0.022799999999999997
2023-10-31,-0.0674,-0.0452,-0.042,-0.019,-0.0274,-0.049800000000000004
2023-11-30,0.0681,0.0848,0.0866,0.10060000000000001,0.0821,0.0702
2023-12-31,0.09269999999999999,0.1234,0.1272,0.0341,0.060599999999999994,0.0663
2024-01-31,-0.0431,-0.0493,-0.031200000000000002,0.0311,-0.0009,0.006500000000000001
2024-02-29,0.0292,0.025699999999999997,0.0236,0.0637,0.0385,0.0294
2024-03-31,0.0246,0.038900000000000004,0.0366,0.026600000000000002,0.0308,0.09910000000000001
2024-04-30,-0.055999999999999994,-0.0637,-0.056900000000000006,-0.0472,-0.0276,-0.0406
2024-05-31,0.049100000000000005,0.0552,0.052199999999999996,0.0525,0.0506,0.0432
2024-06-30,-0.0235,-0.011000000000000001,-0.0311,0.0431,0.031200000000000002,-0.0194
2024-07-31,0.0712,0.10869999999999999,0.1392,-0.0027,0.0277,0.0496
2024-08-31,-0.0155,-0.0144,-0.0256,0.0245,0.021400000000000002,0.0204
2024-09-30,0.0147,0.0098,-0.0003,0.0281,0.023399999999999997,-0.0070999999999999995
2024-10-31,-0.018799999999999997,-0.0051,-0.0083,-0.0092,-0.0087,0.0148
2024-11-30,0.09609999999999999,0.1335,0.1249,0.0709,0.0473,0.09269999999999999
2024-12-31,-0.0707,-0.0746,-0.0858,-0.0011,-0.044199999999999996,-0.07440000000000001
2025-01-31,0.037000000000000005,0.0223,0.020099999999999996,0.0052,0.0608,0.0554
2025-02-28,-0.057800000000000004,-0.046900000000000004,-0.0475,-0.0269,-0.0163,0.0128
2025-03-31,-0.0484,-0.0575,-0.057,-0.0799,-0.0369,-0.0264
2025-04-30,-0.0334,-0.0268,-0.0407,0.0175,-0.028999999999999998,-0.0342
2025-05-31,0.0562,0.0705,0.053399999999999996,0.0814,0.0464,0.0311
2025-06-30,0.0281,0.0356,0.0555,0.0603,0.0368,0.0444
2025-07-31,0.0183,0.0026,0.0189,0.0308,0.018600000000000002,0.003
2025-08-31,0.057800000000000004,0.0669,0.0805,0.0063,0.0311,0.0546
2025-09-30,0.014499999999999999,-0.021,-0.0055000000000000005,0.0499,0.0276,0.012
2025-10-31,0.002,-0.026699999999999998,-0.0332,0.038599999999999995,0.0103,-0.0169
2025-11-30,0.0123,0.0305,0.03,-0.023,0.0369,0.0302
2025-12-31,0.0085,0.0143,0.016200000000000003,-0.0034999999999999996,-0.0042,0.0199
2026-01-31,0.057300000000000004,0.0559,0.064,-0.0152,0.057,0.0175
2026-02-28,0.011200000000000002,0.0111,0.0085,-0.030299999999999997,0.0152,0.0175
2026-03-31,-0.053200000000000004,-0.0584,-0.0123,-0.0471,-0.066,-0.0183
2026-04-30,0.1246,0.08960000000000001,0.0885,0.114,0.0913,0.0429
2026-05-31,0.0434,-0.0066,0.0101,0.0867,0.008,-0.0022
