,Mom
1927-01-31,0.005699999999999999
1927-02-28,-0.0151
1927-03-31,0.0352
1927-04-30,0.0435
1927-05-31,0.0278
1927-06-30,0.0054
1927-07-31,0.0417
1927-08-31,0.013600000000000001
1927-09-30,0.0194
1927-10-31,-0.009000000000000001
1927-11-30,-0.0023
1927-12-31,0.0311
1928-01-31,-0.0045000000000000005
1928-02-29,-0.010700000000000001
1928-03-31,0.0475
1928-04-30,-0.058499999999999996
1928-05-31,0.0264
1928-06-30,0.0169
1928-07-31,0.0254
1928-08-31,0.0368
1928-09-30,0.0349
1928-10-31,0.051699999999999996
1928-11-30,0.0187
1928-12-31,0.0144
1929-01-31,0.024300000000000002
1929-02-28,0.030699999999999998
1929-03-31,-0.0062
1929-04-30,0.0207
1929-05-31,-0.0219
1929-06-30,0.08310000000000001
1929-07-31,0.0296
1929-08-31,0.044000000000000004
1929-09-30,0.0296
1929-10-31,0.024399999999999998
1929-11-30,-0.0204
1929-12-31,0.0542
1930-01-31,-0.0546
1930-02-28,0.011200000000000002
1930-03-31,-0.042300000000000004
1930-04-30,0.041299999999999996
1930-05-31,-0.0076
1930-06-30,0.0584
1930-07-31,-0.021400000000000002
1930-08-31,0.0387
1930-09-30,0.1159
1930-10-31,0.06269999999999999
1930-11-30,-0.0134
1930-12-31,0.1251
1931-01-31,-0.111
1931-02-28,-0.1358
1931-03-31,0.0971
1931-04-30,0.1097
1931-05-31,0.0922
1931-06-30,-0.1754
1931-07-31,0.0839
1931-08-31,-0.0332
1931-09-30,0.09300000000000001
1931-10-31,0.028999999999999998
1931-11-30,0.0803
1931-12-31,0.1292
1932-01-31,-0.09939999999999999
1932-02-29,0.0148
1932-03-31,0.10039999999999999
1932-04-30,0.07629999999999999
1932-05-31,0.12539999999999998
1932-06-30,0.0192
1932-07-31,-0.45630000000000004
1932-08-31,-0.5261
1932-09-30,0.0246
1932-10-31,0.0462
1932-11-30,-0.0096
1932-12-31,0.0464
1933-01-31,-0.024399999999999998
1933-02-28,0.046
1933-03-31,0.0424
1933-04-30,-0.1705
1933-05-31,-0.0554
1933-06-30,0.0425
1933-07-31,-0.0034999999999999996
1933-08-31,0.0754
1933-09-30,0.016399999999999998
1933-10-31,-0.0213
1933-11-30,0.0646
1933-12-31,0.0401
1934-01-31,-0.0348
1934-02-28,0.0009
1934-03-31,-0.0067
1934-04-30,-0.0481
1934-05-31,-0.0239
1934-06-30,-0.0079
1934-07-31,0.08800000000000001
1934-08-31,0.0256
1934-09-30,-0.0006
1934-10-31,0.0688
1934-11-30,0.0377
1934-12-31,0.0453
1935-01-31,0.031
1935-02-28,0.1446
1935-03-31,0.023700000000000002
1935-04-30,-0.0475
1935-05-31,-0.0359
1935-06-30,0.026600000000000002
1935-07-31,-0.0479
1935-08-31,-0.0646
1935-09-30,0.08310000000000001
1935-10-31,0.0182
1935-11-30,-0.07139999999999999
1935-12-31,0.037000000000000005
1936-01-31,-0.029500000000000002
1936-02-29,0.0253
1936-03-31,0.0163
1936-04-30,-0.0767
1936-05-31,0.025
1936-06-30,0.005600000000000001
1936-07-31,0.024900000000000002
1936-08-31,0.006
1936-09-30,0.0141
1936-10-31,0.0068000000000000005
1936-11-30,0.0204
1936-12-31,0.0213
1937-01-31,-0.0199
1937-02-28,0.027200000000000002
1937-03-31,0.0333
1937-04-30,-0.0354
1937-05-31,0.005699999999999999
1937-06-30,0.0078000000000000005
1937-07-31,-0.0045000000000000005
1937-08-31,-0.018600000000000002
1937-09-30,-0.0681
1937-10-31,-0.0146
1937-11-30,-0.0132
1937-12-31,0.048499999999999995
1938-01-31,-0.0174
1938-02-28,-0.028399999999999998
1938-03-31,0.1578
1938-04-30,-0.09849999999999999
1938-05-31,0.0698
1938-06-30,-0.2487
1938-07-31,-0.0677
1938-08-31,0.0349
1938-09-30,0.0242
1938-10-31,-0.0753
1938-11-30,0.0332
1938-12-31,0.0231
1939-01-31,-0.029900000000000003
1939-02-28,0.031200000000000002
1939-03-31,-0.018600000000000002
1939-04-30,0.0273
1939-05-31,0.0352
1939-06-30,0.022400000000000003
1939-07-31,-0.0069
1939-08-31,0.0591
1939-09-30,-0.3145
1939-10-31,0.0658
1939-11-30,-0.0029
1939-12-31,0.0542
1940-01-31,0.0174
1940-02-29,0.0167
1940-03-31,-0.0055000000000000005
1940-04-30,0.0336
1940-05-31,0.028900000000000002
1940-06-30,-0.0246
1940-07-31,0.0106
1940-08-31,-0.0178
1940-09-30,-0.0006
1940-10-31,-0.0576
1940-11-30,0.0131
1940-12-31,0.0354
1941-01-31,-0.0475
1941-02-28,0.010700000000000001
1941-03-31,0.0246
1941-04-30,0.030299999999999997
1941-05-31,0.026099999999999998
1941-06-30,-0.0068000000000000005
1941-07-31,-0.0151
1941-08-31,0.0018
1941-09-30,-0.0167
1941-10-31,0.0482
1941-11-30,0.0441
1941-12-31,0.004
1942-01-31,-0.0363
1942-02-28,-0.0072
1942-03-31,-0.0026
1942-04-30,-0.0083
1942-05-31,-0.04769999999999999
1942-06-30,-0.0138
1942-07-31,0.0079
1942-08-31,-0.0008
1942-09-30,-0.0092
1942-10-31,-0.0441
1942-11-30,-0.010700000000000001
1942-12-31,0.030899999999999997
1943-01-31,-0.003
1943-02-28,-0.0163
1943-03-31,0.0472
1943-04-30,0.058600000000000006
1943-05-31,0.059000000000000004
1943-06-30,-0.0132
1943-07-31,-0.0451
1943-08-31,0.009000000000000001
1943-09-30,0.0173
1943-10-31,-0.0069
1943-11-30,-0.0447
1943-12-31,0.0592
1944-01-31,0.0075
1944-02-29,0.0034000000000000002
1944-03-31,0.0262
1944-04-30,0.0051
1944-05-31,0.019
1944-06-30,-0.0579
1944-07-31,0.0014000000000000002
1944-08-31,0.047400000000000005
1944-09-30,-0.011699999999999999
1944-10-31,-0.0132
1944-11-30,0.013600000000000001
1944-12-31,0.0335
1945-01-31,0.0003
1945-02-28,0.032
1945-03-31,-0.030699999999999998
1945-04-30,0.0471
1945-05-31,0.0015
1945-06-30,0.0415
1945-07-31,-0.0268
1945-08-31,-0.013000000000000001
1945-09-30,0.0139
1945-10-31,0.0017000000000000001
1945-11-30,0.0431
1945-12-31,0.0125
1946-01-31,0.0377
1946-02-28,-0.0143
1946-03-31,0.027000000000000003
1946-04-30,0.0304
1946-05-31,-0.0058
1946-06-30,-0.025099999999999997
1946-07-31,0.0022
1946-08-31,-0.0005
1946-09-30,0.006999999999999999
1946-10-31,0.0091
1946-11-30,0.0028000000000000004
1946-12-31,0.0009
1947-01-31,-0.0632
1947-02-28,-0.0049
1947-03-31,0.040999999999999995
1947-04-30,0.0541
1947-05-31,0.0337
1947-06-30,-0.0184
1947-07-31,-0.0338
1947-08-31,0.034
1947-09-30,0.001
1947-10-31,0.015600000000000001
1947-11-30,0.0426
1947-12-31,0.0362
1948-01-31,-0.04190000000000001
1948-02-29,0.0141
1948-03-31,-0.0034000000000000002
1948-04-30,0.040999999999999995
1948-05-31,0.0233
1948-06-30,0.0398
1948-07-31,-0.0161
1948-08-31,0.002
1948-09-30,-0.013600000000000001
1948-10-31,0.0273
1948-11-30,0.0058
1948-12-31,0.0466
1949-01-31,-0.0292
1949-02-28,-0.0043
1949-03-31,-0.008100000000000001
1949-04-30,0.0313
1949-05-31,0.030600000000000002
1949-06-30,-0.0129
1949-07-31,-0.0147
1949-08-31,0.0158
1949-09-30,-0.0132
1949-10-31,0.0002
1949-11-30,0.012199999999999999
1949-12-31,-0.008199999999999999
1950-01-31,-0.0236
1950-02-28,0.0138
1950-03-31,0.0146
1950-04-30,0.0027
1950-05-31,0.0029
1950-06-30,-0.0158
1950-07-31,-0.0052
1950-08-31,0.032
1950-09-30,-0.002
1950-10-31,0.0151
1950-11-30,0.0352
1950-12-31,0.0495
1951-01-31,0.0232
1951-02-28,-0.0195
1951-03-31,-0.029300000000000003
1951-04-30,0.059800000000000006
1951-05-31,-0.0096
1951-06-30,-0.0245
1951-07-31,0.0718
1951-08-31,0.0063
1951-09-30,0.005699999999999999
1951-10-31,-0.0021
1951-11-30,0.004699999999999999
1951-12-31,0.0175
1952-01-31,0.0137
1952-02-29,-0.0068000000000000005
1952-03-31,0.0165
1952-04-30,-0.020099999999999996
1952-05-31,0.005600000000000001
1952-06-30,0.0149
1952-07-31,-0.0055000000000000005
1952-08-31,0.0034000000000000002
1952-09-30,0.0173
1952-10-31,0.0273
1952-11-30,0.0036
1952-12-31,0.0154
1953-01-31,0.0074
1953-02-28,0.008
1953-03-31,0.0014000000000000002
1953-04-30,0.0184
1953-05-31,0.0091
1953-06-30,0.0
1953-07-31,-0.0037
1953-08-31,0.0212
1953-09-30,0.028999999999999998
1953-10-31,0.0025
1953-11-30,0.0196
1953-12-31,0.0521
1954-01-31,-0.0584
1954-02-28,0.0104
1954-03-31,0.0213
1954-04-30,0.0508
1954-05-31,-0.0202
1954-06-30,0.0355
1954-07-31,0.0043
1954-08-31,-0.0067
1954-09-30,0.0166
1954-10-31,0.0092
1954-11-30,0.0187
1954-12-31,-0.013999999999999999
1955-01-31,0.0147
1955-02-28,0.0104
1955-03-31,0.0096
1955-04-30,-0.0001
1955-05-31,0.0060999999999999995
1955-06-30,0.0472
1955-07-31,-0.012199999999999999
1955-08-31,0.0176
1955-09-30,0.0183
1955-10-31,-0.0052
1955-11-30,0.025699999999999997
1955-12-31,-0.0126
1956-01-31,-0.0148
1956-02-29,0.020099999999999996
1956-03-31,0.0352
1956-04-30,0.026699999999999998
1956-05-31,-0.016
1956-06-30,0.026699999999999998
1956-07-31,0.0253
1956-08-31,-0.0070999999999999995
1956-09-30,-0.0077
1956-10-31,0.024
1956-11-30,0.0342
1956-12-31,0.0379
1957-01-31,-0.030600000000000002
1957-02-28,0.0036
1957-03-31,-0.0024
1957-04-30,0.0101
1957-05-31,0.0018
1957-06-30,0.0072
1957-07-31,-0.0007000000000000001
1957-08-31,0.0045000000000000005
1957-09-30,0.006
1957-10-31,0.0203
1957-11-30,0.0127
1957-12-31,0.0781
1958-01-31,-0.07719999999999999
1958-02-28,0.037200000000000004
1958-03-31,-0.0165
1958-04-30,0.019
1958-05-31,-0.0174
1958-06-30,-0.0089
1958-07-31,-0.0356
1958-08-31,0.0014000000000000002
1958-09-30,-0.011200000000000002
1958-10-31,0.0311
1958-11-30,0.015300000000000001
1958-12-31,-0.0070999999999999995
1959-01-31,-0.0029
1959-02-28,0.034
1959-03-31,0.0022
1959-04-30,0.0316
1959-05-31,0.015
1959-06-30,0.031400000000000004
1959-07-31,-0.0034999999999999996
1959-08-31,-0.01
1959-09-30,0.0078000000000000005
1959-10-31,0.034300000000000004
1959-11-30,0.0229
1959-12-31,0.0103
1960-01-31,-0.0351
1960-02-29,0.04
1960-03-31,0.0141
1960-04-30,0.028399999999999998
1960-05-31,0.0479
1960-06-30,0.0089
1960-07-31,-0.006999999999999999
1960-08-31,0.0151
1960-09-30,0.0038
1960-10-31,0.0126
1960-11-30,0.0363
1960-12-31,0.013600000000000001
1961-01-31,-0.041299999999999996
1961-02-28,0.01
1961-03-31,0.0432
1961-04-30,0.0362
1961-05-31,-0.015700000000000002
1961-06-30,0.003
1961-07-31,0.0022
1961-08-31,0.016399999999999998
1961-09-30,0.0079
1961-10-31,0.030699999999999998
1961-11-30,0.013500000000000002
1961-12-31,-0.0218
1962-01-31,-0.0204
1962-02-28,-0.01
1962-03-31,0.0189
1962-04-30,0.0294
1962-05-31,0.004699999999999999
1962-06-30,0.064
1962-07-31,0.005
1962-08-31,-0.005600000000000001
1962-09-30,0.039599999999999996
1962-10-31,0.0079
1962-11-30,-0.0721
1962-12-31,0.059000000000000004
1963-01-31,-0.0213
1963-02-28,0.0252
1963-03-31,0.0158
1963-04-30,-0.001
1963-05-31,0.0029
1963-06-30,0.0116
1963-07-31,0.0101
1963-08-31,0.01
1963-09-30,0.0015
1963-10-31,0.0313
1963-11-30,-0.0078000000000000005
1963-12-31,0.0184
1964-01-31,0.0102
1964-02-29,0.0033
1964-03-31,0.0075
1964-04-30,-0.0064
1964-05-31,0.0253
1964-06-30,0.004699999999999999
1964-07-31,-0.0037
1964-08-31,-0.0025
1964-09-30,-0.0039000000000000003
1964-10-31,0.0019
1964-11-30,0.011000000000000001
1964-12-31,-0.006999999999999999
1965-01-31,-0.0138
1965-02-28,0.0024
1965-03-31,0.0017000000000000001
1965-04-30,0.0253
1965-05-31,0.005600000000000001
1965-06-30,-0.0318
1965-07-31,0.0409
1965-08-31,0.025699999999999997
1965-09-30,0.0329
1965-10-31,0.0345
1965-11-30,0.044000000000000004
1965-12-31,-0.001
1966-01-31,0.0528
1966-02-28,0.045899999999999996
1966-03-31,0.0146
1966-04-30,0.0588
1966-05-31,-0.0471
1966-06-30,0.0323
1966-07-31,-0.013000000000000001
1966-08-31,-0.022099999999999998
1966-09-30,-0.0187
1966-10-31,-0.052000000000000005
1966-11-30,0.0574
1966-12-31,0.009899999999999999
1967-01-31,-0.07
1967-02-28,0.0351
1967-03-31,0.0139
1967-04-30,0.0052
1967-05-31,0.006500000000000001
1967-06-30,0.0601
1967-07-31,-0.011000000000000001
1967-08-31,-0.0132
1967-09-30,0.0239
1967-10-31,0.0368
1967-11-30,0.012199999999999999
1967-12-31,0.032
1968-01-31,-0.044500000000000005
1968-02-29,-0.0334
1968-03-31,0.0319
1968-04-30,0.051100000000000007
1968-05-31,0.0375
1968-06-30,-0.0209
1968-07-31,-0.0089
1968-08-31,0.019
1968-09-30,-0.0064
1968-10-31,-0.0146
1968-11-30,0.0174
1968-12-31,0.0034000000000000002
1969-01-31,-0.0014000000000000002
1969-02-28,-0.0252
1969-03-31,0.0406
1969-04-30,0.0124
1969-05-31,0.0177
1969-06-30,-0.0231
1969-07-31,0.0181
1969-08-31,0.021400000000000002
1969-09-30,0.024300000000000002
1969-10-31,-0.0436
1969-11-30,0.036699999999999997
1969-12-31,0.0527
1970-01-31,0.0058
1970-02-28,0.0027
1970-03-31,-0.0037
1970-04-30,-0.0083
1970-05-31,-0.026600000000000002
1970-06-30,0.056299999999999996
1970-07-31,-0.031200000000000002
1970-08-31,-0.0668
1970-09-30,-0.0864
1970-10-31,0.0946
1970-11-30,0.026000000000000002
1970-12-31,-0.023
1971-01-31,-0.06860000000000001
1971-02-28,0.0083
1971-03-31,-0.0139
1971-04-30,0.0134
1971-05-31,0.009399999999999999
1971-06-30,0.0268
1971-07-31,-0.0232
1971-08-31,0.0344
1971-09-30,0.021
1971-10-31,0.005
1971-11-30,0.0151
1971-12-31,-0.0062
1972-01-31,0.0007000000000000001
1972-02-29,0.0253
1972-03-31,0.0294
1972-04-30,0.0279
1972-05-31,0.0333
1972-06-30,0.019
1972-07-31,0.0268
1972-08-31,-0.0536
1972-09-30,0.0182
1972-10-31,0.006999999999999999
1972-11-30,-0.0508
1972-12-31,0.0495
1973-01-31,0.0381
1973-02-28,0.0222
1973-03-31,0.0355
1973-04-30,0.0635
1973-05-31,0.0719
1973-06-30,0.0431
1973-07-31,-0.1167
1973-08-31,0.0359
1973-09-30,-0.0698
1973-10-31,0.0678
1973-11-30,0.0892
1973-12-31,0.1016
1974-01-31,-0.0892
1974-02-28,0.0037
1974-03-31,-0.01
1974-04-30,0.0206
1974-05-31,-0.0029
1974-06-30,0.0232
1974-07-31,0.03
1974-08-31,0.030299999999999997
1974-09-30,0.0424
1974-10-31,-0.0052
1974-11-30,0.022000000000000002
1974-12-31,0.0298
1975-01-31,-0.138
1975-02-28,-0.0058
1975-03-31,-0.0207
1975-04-30,0.0152
1975-05-31,-0.0058
1975-06-30,-0.0004
1975-07-31,0.0034999999999999996
1975-08-31,-0.0016
1975-09-30,0.004
1975-10-31,-0.0022
1975-11-30,-0.005
1975-12-31,-0.001
1976-01-31,0.0437
1976-02-29,0.0038
1976-03-31,0.0023
1976-04-30,0.0053
1976-05-31,-0.010700000000000001
1976-06-30,-0.0044
1976-07-31,-0.0015
1976-08-31,-0.0078000000000000005
1976-09-30,0.002
1976-10-31,-0.0042
1976-11-30,0.0281
1976-12-31,0.0073
1977-01-31,0.0404
1977-02-28,0.0034000000000000002
1977-03-31,0.0068000000000000005
1977-04-30,0.04190000000000001
1977-05-31,0.020099999999999996
1977-06-30,0.016
1977-07-31,0.004
1977-08-31,-0.016399999999999998
1977-09-30,0.0209
1977-10-31,-0.0012
1977-11-30,0.021400000000000002
1977-12-31,0.0159
1978-01-31,-0.0058
1978-02-28,0.0196
1978-03-31,0.014499999999999999
1978-04-30,0.0049
1978-05-31,0.0278
1978-06-30,0.0279
1978-07-31,0.04190000000000001
1978-08-31,0.0301
1978-09-30,-0.0319
1978-10-31,-0.0842
1978-11-30,0.0545
1978-12-31,0.0301
1979-01-31,-0.0143
1979-02-28,-0.009899999999999999
1979-03-31,0.0291
1979-04-30,0.0087
1979-05-31,-0.0055000000000000005
1979-06-30,0.0077
1979-07-31,-0.010700000000000001
1979-08-31,-0.0029
1979-09-30,0.0528
1979-10-31,0.0204
1979-11-30,0.08039999999999999
1979-12-31,0.0472
1980-01-31,0.0745
1980-02-29,0.0789
1980-03-31,-0.0959
1980-04-30,-0.0049
1980-05-31,-0.0118
1980-06-30,0.0158
1980-07-31,0.003
1980-08-31,0.030600000000000002
1980-09-30,0.054299999999999994
1980-10-31,0.0713
1980-11-30,0.1515
1980-12-31,-0.0669
1981-01-31,-0.0781
1981-02-28,-0.0137
1981-03-31,0.008199999999999999
1981-04-30,-0.0108
1981-05-31,0.0358
1981-06-30,-0.056900000000000006
1981-07-31,-0.024399999999999998
1981-08-31,-0.011000000000000001
1981-09-30,0.0213
1981-10-31,0.0383
1981-11-30,-0.002
1981-12-31,0.0127
1982-01-31,0.0177
1982-02-28,0.0487
1982-03-31,0.028999999999999998
1982-04-30,-0.0046
1982-05-31,0.025099999999999997
1982-06-30,0.048799999999999996
1982-07-31,0.0441
1982-08-31,-0.0359
1982-09-30,0.041299999999999996
1982-10-31,0.0
1982-11-30,0.0591
1982-12-31,-0.0002
1983-01-31,-0.016399999999999998
1983-02-28,0.0369
1983-03-31,0.0088
1983-04-30,0.016399999999999998
1983-05-31,-0.015700000000000002
1983-06-30,0.018500000000000003
1983-07-31,-0.0308
1983-08-31,-0.0538
1983-09-30,-0.0001
1983-10-31,-0.0446
1983-11-30,-0.0013
1983-12-31,0.008199999999999999
1984-01-31,-0.025699999999999997
1984-02-29,0.0045000000000000005
1984-03-31,0.011000000000000001
1984-04-30,0.021400000000000002
1984-05-31,0.0152
1984-06-30,-0.0055000000000000005
1984-07-31,0.0278
1984-08-31,-0.056100000000000004
1984-09-30,0.0364
1984-10-31,0.032799999999999996
1984-11-30,0.015700000000000002
1984-12-31,0.013999999999999999
1985-01-31,-0.0677
1985-02-28,0.0191
1985-03-31,0.0179
1985-04-30,0.029500000000000002
1985-05-31,0.0405
1985-06-30,0.0339
1985-07-31,-0.037000000000000005
1985-08-31,0.0178
1985-09-30,0.016
1985-10-31,0.048600000000000004
1985-11-30,-0.005699999999999999
1985-12-31,-0.0023
1986-01-31,0.029500000000000002
1986-02-28,0.0259
1986-03-31,0.0239
1986-04-30,-0.0034999999999999996
1986-05-31,0.0206
1986-06-30,0.049400000000000006
1986-07-31,0.019
1986-08-31,-0.0516
1986-09-30,-0.056900000000000006
1986-10-31,0.0447
1986-11-30,-0.0025
1986-12-31,0.0046
1987-01-31,0.0206
1987-02-28,-0.0222
1987-03-31,0.0167
1987-04-30,0.0022
1987-05-31,-0.0077
1987-06-30,-0.0022
1987-07-31,0.025699999999999997
1987-08-31,-0.0095
1987-09-30,0.008100000000000001
1987-10-31,-0.07719999999999999
1987-11-30,-0.0123
1987-12-31,0.0587
1988-01-31,-0.0736
1988-02-29,-0.0147
1988-03-31,0.0060999999999999995
1988-04-30,0.022000000000000002
1988-05-31,0.0063
1988-06-30,-0.0302
1988-07-31,0.006500000000000001
1988-08-31,0.0036
1988-09-30,0.0028000000000000004
1988-10-31,0.0131
1988-11-30,0.002
1988-12-31,0.0032
1989-01-31,-0.0023
1989-02-28,0.0101
1989-03-31,0.0349
1989-04-30,0.018000000000000002
1989-05-31,0.014199999999999999
1989-06-30,0.004
1989-07-31,0.053200000000000004
1989-08-31,-0.005
1989-09-30,0.0349
1989-10-31,0.013600000000000001
1989-11-30,0.026699999999999998
1989-12-31,0.0276
1990-01-31,-0.029900000000000003
1990-02-28,-0.0051
1990-03-31,0.0173
1990-04-30,0.0231
1990-05-31,0.0311
1990-06-30,0.025099999999999997
1990-07-31,0.0604
1990-08-31,0.0196
1990-09-30,0.0572
1990-10-31,0.06709999999999999
1990-11-30,-0.0546
1990-12-31,0.0022
1991-01-31,-0.0645
1991-02-28,-0.049
1991-03-31,0.0274
1991-04-30,-0.0233
1991-05-31,-0.001
1991-06-30,0.0042
1991-07-31,0.0425
1991-08-31,0.0158
1991-09-30,0.0173
1991-10-31,0.0318
1991-11-30,0.0118
1991-12-31,0.0827
1992-01-31,-0.025099999999999997
1992-02-29,-0.0069
1992-03-31,-0.0023
1992-04-30,-0.025099999999999997
1992-05-31,0.0007000000000000001
1992-06-30,-0.005699999999999999
1992-07-31,0.015300000000000001
1992-08-31,-0.0048
1992-09-30,0.0141
1992-10-31,0.0258
1992-11-30,-0.0024
1992-12-31,0.0446
1993-01-31,0.0484
1993-02-28,0.031200000000000002
1993-03-31,0.037200000000000004
1993-04-30,0.0036
1993-05-31,0.0019
1993-06-30,0.0454
1993-07-31,0.0323
1993-08-31,0.0259
1993-09-30,0.034300000000000004
1993-10-31,-0.0269
1993-11-30,-0.048
1993-12-31,0.0235
1994-01-31,0.001
1994-02-28,-0.0037
1994-03-31,-0.0131
1994-04-30,0.0034000000000000002
1994-05-31,-0.0207
1994-06-30,-0.0088
1994-07-31,0.0014000000000000002
1994-08-31,0.0154
1994-09-30,0.013300000000000001
1994-10-31,0.0143
1994-11-30,-0.0015
1994-12-31,0.0345
1995-01-31,-0.018000000000000002
1995-02-28,-0.0046
1995-03-31,0.0042
1995-04-30,0.0179
1995-05-31,-0.0055000000000000005
1995-06-30,0.030299999999999997
1995-07-31,0.0252
1995-08-31,0.0014000000000000002
1995-09-30,0.0287
1995-10-31,0.0418
1995-11-30,-0.0072
1995-12-31,0.024900000000000002
1996-01-31,0.0054
1996-02-29,0.005600000000000001
1996-03-31,-0.018500000000000003
1996-04-30,-0.009399999999999999
1996-05-31,0.016
1996-06-30,0.01
1996-07-31,-0.0014000000000000002
1996-08-31,-0.0002
1996-09-30,0.026600000000000002
1996-10-31,0.0378
1996-11-30,-0.023399999999999997
1996-12-31,0.005699999999999999
1997-01-31,0.0187
1997-02-28,-0.0208
1997-03-31,0.0091
1997-04-30,0.0482
1997-05-31,-0.0521
1997-06-30,0.0259
1997-07-31,0.037000000000000005
1997-08-31,-0.026000000000000002
1997-09-30,0.0147
1997-10-31,-0.0053
1997-11-30,0.0040999999999999995
1997-12-31,0.0392
1998-01-31,0.0008
1998-02-28,-0.012
1998-03-31,0.021400000000000002
1998-04-30,0.0076
1998-05-31,0.0192
1998-06-30,0.0731
1998-07-31,0.037599999999999995
1998-08-31,0.0187
1998-09-30,-0.0063
1998-10-31,-0.053200000000000004
1998-11-30,0.0113
1998-12-31,0.08869999999999999
1999-01-31,0.028300000000000002
1999-02-28,-0.0007000000000000001
1999-03-31,-0.012199999999999999
1999-04-30,-0.0888
1999-05-31,-0.0528
1999-06-30,0.04650000000000001
1999-07-31,0.017
1999-08-31,0.029300000000000003
1999-09-30,0.064
1999-10-31,0.053899999999999997
1999-11-30,0.0548
1999-12-31,0.13119999999999998
2000-01-31,0.018500000000000003
2000-02-29,0.1802
2000-03-31,-0.0684
2000-04-30,-0.0858
2000-05-31,-0.08929999999999999
2000-06-30,0.166
2000-07-31,-0.0016
2000-08-31,0.056100000000000004
2000-09-30,0.019299999999999998
2000-10-31,-0.0449
2000-11-30,-0.0218
2000-12-31,0.0665
2001-01-31,-0.2535
2001-02-28,0.126
2001-03-31,0.0862
2001-04-30,-0.0796
2001-05-31,0.022099999999999998
2001-06-30,0.006500000000000001
2001-07-31,0.0546
2001-08-31,0.055
2001-09-30,0.114
2001-10-31,-0.0837
2001-11-30,-0.0863
2001-12-31,0.0004
2002-01-31,0.0366
2002-02-28,0.06849999999999999
2002-03-31,-0.0166
2002-04-30,0.0765
2002-05-31,0.031200000000000002
2002-06-30,0.0622
2002-07-31,0.0363
2002-08-31,0.0184
2002-09-30,0.0901
2002-10-31,-0.0558
2002-11-30,-0.16449999999999998
2002-12-31,0.0971
2003-01-31,0.0154
2003-02-28,0.012
2003-03-31,0.014199999999999999
2003-04-30,-0.0934
2003-05-31,-0.1072
2003-06-30,-0.0124
2003-07-31,-0.0028000000000000004
2003-08-31,-0.0059
2003-09-30,-0.0007000000000000001
2003-10-31,0.039900000000000005
2003-11-30,0.0137
2003-12-31,-0.0553
2004-01-31,0.0256
2004-02-29,-0.0118
2004-03-31,0.002
2004-04-30,-0.0533
2004-05-31,0.0149
2004-06-30,0.0206
2004-07-31,-0.0223
2004-08-31,-0.015600000000000001
2004-09-30,0.0548
2004-10-31,-0.0143
2004-11-30,0.030699999999999998
2004-12-31,-0.0285
2005-01-31,0.031200000000000002
2005-02-28,0.034300000000000004
2005-03-31,0.0043
2005-04-30,-0.006999999999999999
2005-05-31,0.0037
2005-06-30,0.0208
2005-07-31,0.0004
2005-08-31,0.0207
2005-09-30,0.0346
2005-10-31,-0.0118
2005-11-30,0.0033
2005-12-31,0.0079
2006-01-31,0.0253
2006-02-28,-0.0181
2006-03-31,0.0125
2006-04-30,0.0060999999999999995
2006-05-31,-0.036699999999999997
2006-06-30,0.0155
2006-07-31,-0.0204
2006-08-31,-0.0337
2006-09-30,-0.0098
2006-10-31,-0.0027
2006-11-30,-0.0103
2006-12-31,0.0078000000000000005
2007-01-31,0.002
2007-02-28,-0.0131
2007-03-31,0.0259
2007-04-30,-0.0025
2007-05-31,-0.0034000000000000002
2007-06-30,0.0052
2007-07-31,0.029500000000000002
2007-08-31,-0.0001
2007-09-30,0.0443
2007-10-31,0.050300000000000004
2007-11-30,0.0109
2007-12-31,0.06559999999999999
2008-01-31,-0.0774
2008-02-29,0.0613
2008-03-31,0.0425
2008-04-30,-0.0031
2008-05-31,0.0338
2008-06-30,0.1272
2008-07-31,-0.0507
2008-08-31,-0.045
2008-09-30,0.0078000000000000005
2008-10-31,0.0784
2008-11-30,0.0726
2008-12-31,-0.0508
2009-01-31,-0.023700000000000002
2009-02-28,0.0436
2009-03-31,-0.11800000000000001
2009-04-30,-0.3436
2009-05-31,-0.12539999999999998
2009-06-30,0.053899999999999997
2009-07-31,-0.056100000000000004
2009-08-31,-0.0908
2009-09-30,-0.0483
2009-10-31,0.0258
2009-11-30,0.0039000000000000003
2009-12-31,0.0297
2010-01-31,-0.0529
2010-02-28,0.037000000000000005
2010-03-31,0.0356
2010-04-30,0.0319
2010-05-31,-0.0018
2010-06-30,-0.0271
2010-07-31,0.0179
2010-08-31,-0.0006
2010-09-30,0.013500000000000002
2010-10-31,0.015
2010-11-30,0.0271
2010-12-31,-0.0301
2011-01-31,-0.003
2011-02-28,0.0189
2011-03-31,0.0342
2011-04-30,0.0005
2011-05-31,-0.005699999999999999
2011-06-30,0.0182
2011-07-31,0.002
2011-08-31,-0.0026
2011-09-30,-0.0236
2011-10-31,-0.014499999999999999
2011-11-30,0.0385
2011-12-31,0.0183
2012-01-31,-0.0801
2012-02-29,-0.0026
2012-03-31,0.0132
2012-04-30,0.0378
2012-05-31,0.0646
2012-06-30,-0.0111
2012-07-31,0.03
2012-08-31,-0.023399999999999997
2012-09-30,-0.011399999999999999
2012-10-31,0.0008
2012-11-30,0.0053
2012-12-31,-0.0294
2013-01-31,-0.0179
2013-02-28,0.0124
2013-03-31,0.0192
2013-04-30,0.0021
2013-05-31,-0.02
2013-06-30,0.0058
2013-07-31,0.0174
2013-08-31,0.0005
2013-09-30,0.0304
2013-10-31,0.0006
2013-11-30,0.0038
2013-12-31,0.0002
2014-01-31,0.0165
2014-02-28,0.0215
2014-03-31,-0.0327
2014-04-30,-0.038900000000000004
2014-05-31,0.0088
2014-06-30,0.006500000000000001
2014-07-31,-0.0019
2014-08-31,0.0084
2014-09-30,0.0064
2014-10-31,-0.0027
2014-11-30,0.0069
2014-12-31,0.0105
2015-01-31,0.037200000000000004
2015-02-28,-0.028900000000000002
2015-03-31,0.027000000000000003
2015-04-30,-0.0726
2015-05-31,0.0576
2015-06-30,0.03
2015-07-31,0.1
2015-08-31,-0.021400000000000002
2015-09-30,0.0526
2015-10-31,-0.0329
2015-11-30,0.023
2015-12-31,0.0333
2016-01-31,0.0149
2016-02-29,-0.0434
2016-03-31,-0.0504
2016-04-30,-0.0599
2016-05-31,0.014499999999999999
2016-06-30,0.0414
2016-07-31,-0.0339
2016-08-31,-0.0346
2016-09-30,0.0022
2016-10-31,0.0055000000000000005
2016-11-30,-0.047
2016-12-31,-0.0026
2017-01-31,-0.0092
2017-02-28,-0.015300000000000001
2017-03-31,-0.0096
2017-04-30,0.005
2017-05-31,0.015
2017-06-30,-0.0011
2017-07-31,0.016399999999999998
2017-08-31,0.0338
2017-09-30,-0.0134
2017-10-31,0.0421
2017-11-30,-0.009399999999999999
2017-12-31,-0.015700000000000002
2018-01-31,0.0406
2018-02-28,0.036000000000000004
2018-03-31,-0.012
2018-04-30,0.0045000000000000005
2018-05-31,0.0391
2018-06-30,-0.022799999999999997
2018-07-31,-0.0143
2018-08-31,0.053099999999999994
2018-09-30,-0.001
2018-10-31,-0.0206
2018-11-30,-0.014199999999999999
2018-12-31,0.0175
2019-01-31,-0.086
2019-02-28,0.0077
2019-03-31,0.022400000000000003
2019-04-30,-0.0291
2019-05-31,0.0756
2019-06-30,-0.0226
2019-07-31,0.029300000000000003
2019-08-31,0.0748
2019-09-30,-0.0674
2019-10-31,0.0013
2019-11-30,-0.026099999999999998
2019-12-31,-0.022400000000000003
2020-01-31,0.0602
2020-02-29,-0.0024
2020-03-31,0.08199999999999999
2020-04-30,-0.0558
2020-05-31,0.0015
2020-06-30,-0.0087
2020-07-31,0.07690000000000001
2020-08-31,0.0043
2020-09-30,0.0318
2020-10-31,-0.031
2020-11-30,-0.126
2020-12-31,-0.0227
2021-01-31,0.043
2021-02-28,-0.0799
2021-03-31,-0.061
2021-04-30,0.0123
2021-05-31,0.005600000000000001
2021-06-30,0.0207
2021-07-31,-0.0217
2021-08-31,0.0263
2021-09-30,0.0143
2021-10-31,0.0332
2021-11-30,0.0097
2021-12-31,-0.024
2022-01-31,-0.0241
2022-02-28,0.0165
2022-03-31,0.0292
2022-04-30,0.0499
2022-05-31,0.0252
2022-06-30,0.010700000000000001
2022-07-31,-0.0438
2022-08-31,0.0189
2022-09-30,0.0371
2022-10-31,0.0392
2022-11-30,-0.0171
2022-12-31,0.049400000000000006
2023-01-31,-0.16210000000000002
2023-02-28,0.0054
2023-03-31,-0.023700000000000002
2023-04-30,0.0175
2023-05-31,-0.009000000000000001
2023-06-30,-0.027000000000000003
2023-07-31,-0.039599999999999996
2023-08-31,0.0391
2023-09-30,0.0027
2023-10-31,0.0169
2023-11-30,0.0253
2023-12-31,-0.0548
2024-01-31,0.0545
2024-02-29,0.0501
2024-03-31,-0.0032
2024-04-30,-0.0045000000000000005
2024-05-31,0.014499999999999999
2024-06-30,0.0086
2024-07-31,-0.0236
2024-08-31,0.0487
2024-09-30,-0.005600000000000001
2024-10-31,0.0292
2024-11-30,0.009399999999999999
2024-12-31,-0.0034000000000000002
2025-01-31,0.009899999999999999
2025-02-28,-0.0085
2025-03-31,-0.0259
2025-04-30,0.0501
2025-05-31,0.0216
2025-06-30,-0.026699999999999998
2025-07-31,-0.009399999999999999
2025-08-31,-0.0358
2025-09-30,0.0471
2025-10-31,0.0019
2025-11-30,-0.0171
2025-12-31,-0.023399999999999997
2026-01-31,0.0489
2026-02-28,0.0132
2026-03-31,0.015700000000000002
2026-04-30,0.09519999999999999
2026-05-31,0.014199999999999999
